,Date,13w Coupon Rate
0,01/02/02,1.74
1,01/03/02,1.73
2,01/04/02,1.72
3,01/07/02,1.69
4,01/08/02,1.68
5,01/09/02,1.68
6,01/10/02,1.68
7,01/11/02,1.58
8,01/14/02,1.58
9,01/15/02,1.60
10,01/16/02,1.61
11,01/17/02,1.64
12,01/18/02,1.62
13,01/22/02,1.69
14,01/23/02,1.71
15,01/24/02,1.72
16,01/25/02,1.72
17,01/28/02,1.73
18,01/29/02,1.72
19,01/30/02,1.75
20,01/31/02,1.76
21,02/01/02,1.76
22,02/04/02,1.77
23,02/05/02,1.76
24,02/06/02,1.74
25,02/07/02,1.73
26,02/08/02,1.73
27,02/11/02,1.73
28,02/12/02,1.75
29,02/13/02,1.76
30,02/14/02,1.75
31,02/15/02,1.74
32,02/19/02,1.74
33,02/20/02,1.76
34,02/21/02,1.76
35,02/22/02,1.76
36,02/25/02,1.77
37,02/26/02,1.77
38,02/27/02,1.77
39,02/28/02,1.79
40,03/01/02,1.77
41,03/04/02,1.79
42,03/05/02,1.80
43,03/06/02,1.78
44,03/07/02,1.78
45,03/08/02,1.80
46,03/11/02,1.83
47,03/12/02,1.84
48,03/13/02,1.82
49,03/14/02,1.85
50,03/15/02,1.85
51,03/18/02,1.86
52,03/19/02,1.85
53,03/20/02,1.84
54,03/21/02,1.83
55,03/22/02,1.83
56,03/25/02,1.82
57,03/26/02,1.81
58,03/27/02,1.81
59,03/28/02,1.79
60,04/01/02,1.78
61,04/02/02,1.80
62,04/03/02,1.79
63,04/04/02,1.78
64,04/05/02,1.76
65,04/08/02,1.75
66,04/09/02,1.73
67,04/10/02,1.71
68,04/11/02,1.72
69,04/12/02,1.71
70,04/15/02,1.71
71,04/16/02,1.74
72,04/17/02,1.73
73,04/18/02,1.72
74,04/19/02,1.73
75,04/22/02,1.72
76,04/23/02,1.73
77,04/24/02,1.72
78,04/25/02,1.74
79,04/26/02,1.75
80,04/29/02,1.77
81,04/30/02,1.77
82,05/01/02,1.77
83,05/02/02,1.77
84,05/03/02,1.76
85,05/06/02,1.76
86,05/07/02,1.76
87,05/08/02,1.76
88,05/09/02,1.77
89,05/10/02,1.77
90,05/13/02,1.77
91,05/14/02,1.78
92,05/15/02,1.76
93,05/16/02,1.75
94,05/17/02,1.76
95,05/20/02,1.75
96,05/21/02,1.75
97,05/22/02,1.74
98,05/23/02,1.74
99,05/24/02,1.74
100,05/28/02,1.76
101,05/29/02,1.75
102,05/30/02,1.75
103,05/31/02,1.74
104,06/03/02,1.75
105,06/04/02,1.76
106,06/05/02,1.75
107,06/06/02,1.74
108,06/07/02,1.74
109,06/10/02,1.75
110,06/11/02,1.75
111,06/12/02,1.74
112,06/13/02,1.72
113,06/14/02,1.71
114,06/17/02,1.73
115,06/18/02,1.73
116,06/19/02,1.71
117,06/20/02,1.73
118,06/21/02,1.72
119,06/24/02,1.73
120,06/25/02,1.73
121,06/26/02,1.70
122,06/27/02,1.70
123,06/28/02,1.70
124,07/01/02,1.71
125,07/02/02,1.72
126,07/03/02,1.72
127,07/05/02,1.72
128,07/08/02,1.73
129,07/09/02,1.72
130,07/10/02,1.72
131,07/11/02,1.72
132,07/12/02,1.71
133,07/15/02,1.71
134,07/16/02,1.72
135,07/17/02,1.72
136,07/18/02,1.72
137,07/19/02,1.71
138,07/22/02,1.71
139,07/23/02,1.70
140,07/24/02,1.69
141,07/25/02,1.70
142,07/26/02,1.69
143,07/29/02,1.72
144,07/30/02,1.72
145,07/31/02,1.71
146,08/01/02,1.68
147,08/02/02,1.63
148,08/05/02,1.64
149,08/06/02,1.65
150,08/07/02,1.59
151,08/08/02,1.62
152,08/09/02,1.62
153,08/12/02,1.67
154,08/13/02,1.63
155,08/14/02,1.64
156,08/15/02,1.62
157,08/16/02,1.62
158,08/19/02,1.66
159,08/20/02,1.62
160,08/21/02,1.63
161,08/22/02,1.65
162,08/23/02,1.65
163,08/26/02,1.67
164,08/27/02,1.68
165,08/28/02,1.67
166,08/29/02,1.68
167,08/30/02,1.69
168,09/03/02,1.64
169,09/04/02,1.63
170,09/05/02,1.61
171,09/06/02,1.66
172,09/09/02,1.69
173,09/10/02,1.68
174,09/11/02,1.69
175,09/12/02,1.69
176,09/13/02,1.69
177,09/16/02,1.71
178,09/17/02,1.70
179,09/18/02,1.68
180,09/19/02,1.65
181,09/20/02,1.65
182,09/23/02,1.65
183,09/24/02,1.65
184,09/25/02,1.66
185,09/26/02,1.65
186,09/27/02,1.63
187,09/30/02,1.57
188,10/01/02,1.59
189,10/02/02,1.58
190,10/03/02,1.57
191,10/04/02,1.61
192,10/07/02,1.63
193,10/08/02,1.61
194,10/09/02,1.57
195,10/10/02,1.58
196,10/11/02,1.58
197,10/15/02,1.68
198,10/16/02,1.66
199,10/17/02,1.67
200,10/18/02,1.67
201,10/21/02,1.71
202,10/22/02,1.69
203,10/23/02,1.68
204,10/24/02,1.65
205,10/25/02,1.64
206,10/28/02,1.59
207,10/29/02,1.51
208,10/30/02,1.51
209,10/31/02,1.44
210,11/01/02,1.43
211,11/04/02,1.43
212,11/05/02,1.42
213,11/06/02,1.23
214,11/07/02,1.22
215,11/08/02,1.22
216,11/12/02,1.22
217,11/13/02,1.21
218,11/14/02,1.22
219,11/15/02,1.22
220,11/18/02,1.23
221,11/19/02,1.21
222,11/20/02,1.22
223,11/21/02,1.22
224,11/22/02,1.23
225,11/25/02,1.24
226,11/26/02,1.22
227,11/27/02,1.23
228,11/29/02,1.22
229,12/02/02,1.24
230,12/03/02,1.23
231,12/04/02,1.22
232,12/05/02,1.22
233,12/06/02,1.21
234,12/09/02,1.23
235,12/10/02,1.21
236,12/11/02,1.21
237,12/12/02,1.21
238,12/13/02,1.21
239,12/16/02,1.23
240,12/17/02,1.22
241,12/18/02,1.21
242,12/19/02,1.21
243,12/20/02,1.21
244,12/23/02,1.19
245,12/24/02,1.19
246,12/26/02,1.18
247,12/27/02,1.16
248,12/30/02,1.22
249,12/31/02,1.22
250,01/02/03,1.22
251,01/03/03,1.22
252,01/06/03,1.21
253,01/07/03,1.19
254,01/08/03,1.19
255,01/09/03,1.20
256,01/10/03,1.20
257,01/13/03,1.21
258,01/14/03,1.19
259,01/15/03,1.20
260,01/16/03,1.18
261,01/17/03,1.18
262,01/21/03,1.19
263,01/22/03,1.17
264,01/23/03,1.17
265,01/24/03,1.16
266,01/27/03,1.17
267,01/28/03,1.18
268,01/29/03,1.18
269,01/30/03,1.18
270,01/31/03,1.18
271,02/03/03,1.18
272,02/04/03,1.16
273,02/05/03,1.18
274,02/06/03,1.17
275,02/07/03,1.17
276,02/10/03,1.17
277,02/11/03,1.18
278,02/12/03,1.18
279,02/13/03,1.17
280,02/14/03,1.18
281,02/18/03,1.19
282,02/19/03,1.18
283,02/20/03,1.19
284,02/21/03,1.19
285,02/24/03,1.21
286,02/25/03,1.20
287,02/26/03,1.21
288,02/27/03,1.21
289,02/28/03,1.20
290,03/03/03,1.20
291,03/04/03,1.19
292,03/05/03,1.18
293,03/06/03,1.18
294,03/07/03,1.12
295,03/10/03,1.08
296,03/11/03,1.10
297,03/12/03,1.10
298,03/13/03,1.12
299,03/14/03,1.13
300,03/17/03,1.15
301,03/18/03,1.14
302,03/19/03,1.16
303,03/20/03,1.17
304,03/21/03,1.18
305,03/24/03,1.17
306,03/25/03,1.18
307,03/26/03,1.18
308,03/27/03,1.16
309,03/28/03,1.14
310,03/31/03,1.14
311,04/01/03,1.12
312,04/02/03,1.13
313,04/03/03,1.11
314,04/04/03,1.11
315,04/07/03,1.17
316,04/08/03,1.15
317,04/09/03,1.13
318,04/10/03,1.14
319,04/11/03,1.17
320,04/14/03,1.20
321,04/15/03,1.18
322,04/16/03,1.17
323,04/17/03,1.18
324,04/21/03,1.18
325,04/22/03,1.18
326,04/23/03,1.17
327,04/24/03,1.15
328,04/25/03,1.14
329,04/28/03,1.14
330,04/29/03,1.15
331,04/30/03,1.13
332,05/01/03,1.10
333,05/02/03,1.12
334,05/05/03,1.13
335,05/06/03,1.10
336,05/07/03,1.11
337,05/08/03,1.09
338,05/09/03,1.11
339,05/12/03,1.10
340,05/13/03,1.09
341,05/14/03,1.06
342,05/15/03,1.06
343,05/16/03,1.05
344,05/19/03,1.05
345,05/20/03,1.04
346,05/21/03,1.06
347,05/22/03,1.08
348,05/23/03,1.08
349,05/27/03,1.09
350,05/28/03,1.12
351,05/29/03,1.10
352,05/30/03,1.11
353,06/02/03,1.14
354,06/03/03,1.08
355,06/04/03,1.05
356,06/05/03,1.04
357,06/06/03,1.05
358,06/09/03,1.03
359,06/10/03,0.97
360,06/11/03,0.94
361,06/12/03,0.92
362,06/13/03,0.86
363,06/16/03,0.87
364,06/17/03,0.90
365,06/18/03,0.89
366,06/19/03,0.81
367,06/20/03,0.83
368,06/23/03,0.85
369,06/24/03,0.83
370,06/25/03,0.92
371,06/26/03,0.91
372,06/27/03,0.87
373,06/30/03,0.91
374,07/01/03,0.89
375,07/02/03,0.87
376,07/03/03,0.87
377,07/07/03,0.92
378,07/08/03,0.92
379,07/09/03,0.90
380,07/10/03,0.89
381,07/11/03,0.89
382,07/14/03,0.91
383,07/15/03,0.92
384,07/16/03,0.91
385,07/17/03,0.90
386,07/18/03,0.91
387,07/21/03,0.93
388,07/22/03,0.93
389,07/23/03,0.93
390,07/24/03,0.93
391,07/25/03,0.93
392,07/28/03,0.97
393,07/29/03,0.99
394,07/30/03,0.98
395,07/31/03,0.96
396,08/01/03,0.95
397,08/04/03,0.97
398,08/05/03,0.96
399,08/06/03,0.95
400,08/07/03,0.95
401,08/08/03,0.96
402,08/11/03,0.96
403,08/12/03,0.95
404,08/13/03,0.96
405,08/14/03,0.96
406,08/15/03,0.95
407,08/18/03,0.96
408,08/19/03,0.96
409,08/20/03,0.96
410,08/21/03,0.97
411,08/22/03,0.98
412,08/25/03,1.02
413,08/26/03,1.01
414,08/27/03,1.00
415,08/28/03,0.99
416,08/29/03,0.98
417,09/02/03,0.98
418,09/03/03,0.97
419,09/04/03,0.97
420,09/05/03,0.96
421,09/08/03,0.97
422,09/09/03,0.96
423,09/10/03,0.96
424,09/11/03,0.96
425,09/12/03,0.96
426,09/15/03,0.96
427,09/16/03,0.93
428,09/17/03,0.95
429,09/18/03,0.96
430,09/19/03,0.95
431,09/22/03,0.96
432,09/23/03,0.94
433,09/24/03,0.95
434,09/25/03,0.94
435,09/26/03,0.94
436,09/29/03,0.97
437,09/30/03,0.95
438,10/01/03,0.95
439,10/02/03,0.94
440,10/03/03,0.94
441,10/06/03,0.94
442,10/07/03,0.92
443,10/08/03,0.91
444,10/09/03,0.91
445,10/10/03,0.92
446,10/14/03,0.93
447,10/15/03,0.93
448,10/16/03,0.93
449,10/17/03,0.93
450,10/20/03,0.95
451,10/21/03,0.93
452,10/22/03,0.96
453,10/23/03,0.96
454,10/24/03,0.95
455,10/27/03,0.98
456,10/28/03,0.96
457,10/29/03,0.96
458,10/30/03,0.96
459,10/31/03,0.96
460,11/03/03,0.96
461,11/04/03,0.95
462,11/05/03,0.96
463,11/06/03,0.96
464,11/07/03,0.96
465,11/10/03,0.97
466,11/12/03,0.95
467,11/13/03,0.94
468,11/14/03,0.95
469,11/17/03,0.96
470,11/18/03,0.96
471,11/19/03,0.95
472,11/20/03,0.95
473,11/21/03,0.94
474,11/24/03,0.96
475,11/25/03,0.95
476,11/26/03,0.94
477,11/28/03,0.93
478,12/01/03,0.95
479,12/02/03,0.94
480,12/03/03,0.94
481,12/04/03,0.93
482,12/05/03,0.92
483,12/08/03,0.93
484,12/09/03,0.93
485,12/10/03,0.93
486,12/11/03,0.90
487,12/12/03,0.91
488,12/15/03,0.91
489,12/16/03,0.91
490,12/17/03,0.90
491,12/18/03,0.89
492,12/19/03,0.88
493,12/22/03,0.91
494,12/23/03,0.90
495,12/24/03,0.90
496,12/26/03,0.87
497,12/29/03,0.91
498,12/30/03,0.94
499,12/31/03,0.94
500,01/02/04,0.93
501,01/05/04,0.92
502,01/06/04,0.92
503,01/07/04,0.91
504,01/08/04,0.88
505,01/09/04,0.87
506,01/12/04,0.90
507,01/13/04,0.89
508,01/14/04,0.88
509,01/15/04,0.88
510,01/16/04,0.89
511,01/20/04,0.90
512,01/21/04,0.89
513,01/22/04,0.88
514,01/23/04,0.90
515,01/26/04,0.91
516,01/27/04,0.91
517,01/28/04,0.94
518,01/29/04,0.94
519,01/30/04,0.92
520,02/02/04,0.95
521,02/03/04,0.94
522,02/04/04,0.94
523,02/05/04,0.94
524,02/06/04,0.93
525,02/09/04,0.95
526,02/10/04,0.95
527,02/11/04,0.93
528,02/12/04,0.93
529,02/13/04,0.92
530,02/17/04,0.95
531,02/18/04,0.94
532,02/19/04,0.94
533,02/20/04,0.94
534,02/23/04,0.97
535,02/24/04,0.97
536,02/25/04,0.96
537,02/26/04,0.96
538,02/27/04,0.96
539,03/01/04,0.97
540,03/02/04,0.97
541,03/03/04,0.97
542,03/04/04,0.96
543,03/05/04,0.95
544,03/08/04,0.97
545,03/09/04,0.96
546,03/10/04,0.96
547,03/11/04,0.97
548,03/12/04,0.96
549,03/15/04,0.97
550,03/16/04,0.96
551,03/17/04,0.93
552,03/18/04,0.93
553,03/19/04,0.93
554,03/22/04,0.96
555,03/23/04,0.95
556,03/24/04,0.93
557,03/25/04,0.93
558,03/26/04,0.95
559,03/29/04,0.97
560,03/30/04,0.96
561,03/31/04,0.95
562,04/01/04,0.93
563,04/02/04,0.95
564,04/05/04,0.95
565,04/06/04,0.93
566,04/07/04,0.95
567,04/08/04,0.93
568,04/12/04,0.95
569,04/13/04,0.95
570,04/14/04,0.96
571,04/15/04,0.95
572,04/16/04,0.93
573,04/19/04,0.97
574,04/20/04,0.98
575,04/21/04,1.00
576,04/22/04,0.97
577,04/23/04,0.98
578,04/26/04,1.00
579,04/27/04,0.99
580,04/28/04,0.98
581,04/29/04,0.97
582,04/30/04,0.98
583,05/03/04,1.01
584,05/04/04,1.01
585,05/05/04,0.99
586,05/06/04,1.00
587,05/07/04,1.07
588,05/10/04,1.09
589,05/11/04,1.06
590,05/12/04,1.04
591,05/13/04,1.00
592,05/14/04,0.99
593,05/17/04,1.07
594,05/18/04,1.06
595,05/19/04,1.04
596,05/20/04,1.03
597,05/21/04,1.03
598,05/24/04,1.08
599,05/25/04,1.08
600,05/26/04,1.08
601,05/27/04,1.06
602,05/28/04,1.08
603,06/01/04,1.17
604,06/02/04,1.17
605,06/03/04,1.17
606,06/04/04,1.20
607,06/07/04,1.25
608,06/08/04,1.27
609,06/09/04,1.27
610,06/10/04,1.29
611,06/14/04,1.42
612,06/15/04,1.34
613,06/16/04,1.30
614,06/17/04,1.27
615,06/18/04,1.28
616,06/21/04,1.34
617,06/22/04,1.32
618,06/23/04,1.29
619,06/24/04,1.28
620,06/25/04,1.30
621,06/28/04,1.38
622,06/29/04,1.38
623,06/30/04,1.33
624,07/01/04,1.22
625,07/02/04,1.29
626,07/06/04,1.34
627,07/07/04,1.30
628,07/08/04,1.27
629,07/09/04,1.27
630,07/12/04,1.34
631,07/13/04,1.34
632,07/14/04,1.34
633,07/15/04,1.34
634,07/16/04,1.34
635,07/19/04,1.35
636,07/20/04,1.36
637,07/21/04,1.35
638,07/22/04,1.36
639,07/23/04,1.37
640,07/26/04,1.46
641,07/27/04,1.47
642,07/28/04,1.46
643,07/29/04,1.44
644,07/30/04,1.44
645,08/02/04,1.51
646,08/03/04,1.49
647,08/04/04,1.49
648,08/05/04,1.48
649,08/06/04,1.43
650,08/09/04,1.52
651,08/10/04,1.51
652,08/11/04,1.44
653,08/12/04,1.43
654,08/13/04,1.43
655,08/16/04,1.50
656,08/17/04,1.49
657,08/18/04,1.49
658,08/19/04,1.48
659,08/20/04,1.49
660,08/23/04,1.55
661,08/24/04,1.55
662,08/25/04,1.55
663,08/26/04,1.55
664,08/27/04,1.56
665,08/30/04,1.62
666,08/31/04,1.60
667,09/01/04,1.58
668,09/02/04,1.60
669,09/03/04,1.65
670,09/07/04,1.67
671,09/08/04,1.66
672,09/09/04,1.64
673,09/10/04,1.66
674,09/13/04,1.67
675,09/14/04,1.66
676,09/15/04,1.67
677,09/16/04,1.67
678,09/17/04,1.71
679,09/20/04,1.73
680,09/21/04,1.72
681,09/22/04,1.71
682,09/23/04,1.72
683,09/24/04,1.73
684,09/27/04,1.75
685,09/28/04,1.72
686,09/29/04,1.72
687,09/30/04,1.71
688,10/01/04,1.70
689,10/04/04,1.72
690,10/05/04,1.71
691,10/06/04,1.71
692,10/07/04,1.70
693,10/08/04,1.70
694,10/12/04,1.72
695,10/13/04,1.72
696,10/14/04,1.74
697,10/15/04,1.75
698,10/18/04,1.81
699,10/19/04,1.82
700,10/20/04,1.82
701,10/21/04,1.84
702,10/22/04,1.84
703,10/25/04,1.90
704,10/26/04,1.92
705,10/27/04,1.92
706,10/28/04,1.90
707,10/29/04,1.90
708,11/01/04,2.00
709,11/02/04,1.98
710,11/03/04,1.96
711,11/04/04,1.98
712,11/05/04,2.03
713,11/08/04,2.08
714,11/09/04,2.08
715,11/10/04,2.08
716,11/12/04,2.08
717,11/15/04,2.13
718,11/16/04,2.14
719,11/17/04,2.13
720,11/18/04,2.13
721,11/19/04,2.14
722,11/22/04,2.20
723,11/23/04,2.19
724,11/24/04,2.18
725,11/26/04,2.20
726,11/29/04,2.24
727,11/30/04,2.23
728,12/01/04,2.22
729,12/02/04,2.22
730,12/03/04,2.21
731,12/06/04,2.26
732,12/07/04,2.25
733,12/08/04,2.24
734,12/09/04,2.24
735,12/10/04,2.25
736,12/13/04,2.25
737,12/14/04,2.22
738,12/15/04,2.21
739,12/16/04,2.20
740,12/17/04,2.20
741,12/20/04,2.23
742,12/21/04,2.21
743,12/22/04,2.19
744,12/23/04,2.19
745,12/27/04,2.28
746,12/28/04,2.26
747,12/29/04,2.23
748,12/30/04,2.22
749,12/31/04,2.22
750,01/03/05,2.34
751,01/04/05,2.35
752,01/05/05,2.34
753,01/06/05,2.31
754,01/07/05,2.32
755,01/10/05,2.38
756,01/11/05,2.36
757,01/12/05,2.35
758,01/13/05,2.36
759,01/14/05,2.37
760,01/18/05,2.41
761,01/19/05,2.38
762,01/20/05,2.36
763,01/21/05,2.36
764,01/24/05,2.39
765,01/25/05,2.41
766,01/26/05,2.42
767,01/27/05,2.45
768,01/28/05,2.46
769,01/31/05,2.53
770,02/01/05,2.52
771,02/02/05,2.52
772,02/03/05,2.49
773,02/04/05,2.48
774,02/07/05,2.53
775,02/08/05,2.53
776,02/09/05,2.52
777,02/10/05,2.52
778,02/11/05,2.55
779,02/14/05,2.60
780,02/15/05,2.60
781,02/16/05,2.58
782,02/17/05,2.58
783,02/18/05,2.61
784,02/22/05,2.68
785,02/23/05,2.68
786,02/24/05,2.69
787,02/25/05,2.75
788,02/28/05,2.78
789,03/01/05,2.76
790,03/02/05,2.74
791,03/03/05,2.76
792,03/04/05,2.76
793,03/07/05,2.77
794,03/08/05,2.76
795,03/09/05,2.76
796,03/10/05,2.75
797,03/11/05,2.76
798,03/14/05,2.81
799,03/15/05,2.81
800,03/16/05,2.80
801,03/17/05,2.79
802,03/18/05,2.81
803,03/21/05,2.86
804,03/22/05,2.89
805,03/23/05,2.83
806,03/24/05,2.84
807,03/28/05,2.85
808,03/29/05,2.84
809,03/30/05,2.83
810,03/31/05,2.79
811,04/01/05,2.80
812,04/04/05,2.81
813,04/05/05,2.80
814,04/06/05,2.77
815,04/07/05,2.77
816,04/08/05,2.79
817,04/11/05,2.77
818,04/12/05,2.77
819,04/13/05,2.78
820,04/14/05,2.78
821,04/15/05,2.79
822,04/18/05,2.91
823,04/19/05,2.91
824,04/20/05,2.87
825,04/21/05,2.88
826,04/22/05,2.93
827,04/25/05,2.94
828,04/26/05,2.92
829,04/27/05,2.89
830,04/28/05,2.88
831,04/29/05,2.90
832,05/02/05,2.94
833,05/03/05,2.91
834,05/04/05,2.87
835,05/05/05,2.81
836,05/06/05,2.86
837,05/09/05,2.92
838,05/10/05,2.90
839,05/11/05,2.87
840,05/12/05,2.88
841,05/13/05,2.82
842,05/16/05,2.90
843,05/17/05,2.88
844,05/18/05,2.86
845,05/19/05,2.87
846,05/20/05,2.89
847,05/23/05,2.97
848,05/24/05,2.94
849,05/25/05,2.95
850,05/26/05,2.94
851,05/27/05,2.96
852,05/31/05,2.99
853,06/01/05,2.97
854,06/02/05,2.97
855,06/03/05,3.00
856,06/06/05,3.02
857,06/07/05,3.02
858,06/08/05,3.02
859,06/09/05,2.99
860,06/10/05,3.00
861,06/13/05,3.03
862,06/14/05,3.01
863,06/15/05,3.00
864,06/16/05,2.97
865,06/17/05,2.98
866,06/20/05,3.02
867,06/21/05,3.02
868,06/22/05,3.03
869,06/23/05,3.06
870,06/24/05,3.08
871,06/27/05,3.16
872,06/28/05,3.15
873,06/29/05,3.13
874,06/30/05,3.13
875,07/01/05,3.17
876,07/05/05,3.22
877,07/06/05,3.19
878,07/07/05,3.15
879,07/08/05,3.17
880,07/11/05,3.20
881,07/12/05,3.21
882,07/13/05,3.22
883,07/14/05,3.23
884,07/15/05,3.25
885,07/18/05,3.30
886,07/19/05,3.31
887,07/20/05,3.30
888,07/21/05,3.34
889,07/22/05,3.37
890,07/25/05,3.45
891,07/26/05,3.44
892,07/27/05,3.40
893,07/28/05,3.40
894,07/29/05,3.41
895,08/01/05,3.49
896,08/02/05,3.49
897,08/03/05,3.46
898,08/04/05,3.47
899,08/05/05,3.52
900,08/08/05,3.55
901,08/09/05,3.52
902,08/10/05,3.51
903,08/11/05,3.51
904,08/12/05,3.52
905,08/15/05,3.55
906,08/16/05,3.54
907,08/17/05,3.52
908,08/18/05,3.50
909,08/19/05,3.52
910,08/22/05,3.54
911,08/23/05,3.54
912,08/24/05,3.53
913,08/25/05,3.54
914,08/26/05,3.55
915,08/29/05,3.55
916,08/30/05,3.54
917,08/31/05,3.52
918,09/01/05,3.48
919,09/02/05,3.45
920,09/06/05,3.53
921,09/07/05,3.49
922,09/08/05,3.48
923,09/09/05,3.49
924,09/12/05,3.52
925,09/13/05,3.48
926,09/14/05,3.43
927,09/15/05,3.45
928,09/16/05,3.50
929,09/19/05,3.59
930,09/20/05,3.62
931,09/21/05,3.42
932,09/22/05,3.47
933,09/23/05,3.48
934,09/26/05,3.54
935,09/27/05,3.50
936,09/28/05,3.47
937,09/29/05,3.54
938,09/30/05,3.55
939,10/03/05,3.62
940,10/04/05,3.63
941,10/05/05,3.58
942,10/06/05,3.60
943,10/07/05,3.62
944,10/11/05,3.74
945,10/12/05,3.70
946,10/13/05,3.75
947,10/14/05,3.77
948,10/17/05,3.87
949,10/18/05,3.86
950,10/19/05,3.86
951,10/20/05,3.85
952,10/21/05,3.86
953,10/24/05,3.93
954,10/25/05,3.93
955,10/26/05,3.90
956,10/27/05,3.88
957,10/28/05,3.92
958,10/31/05,3.98
959,11/01/05,3.96
960,11/02/05,3.94
961,11/03/05,3.94
962,11/04/05,3.97
963,11/07/05,3.96
964,11/08/05,3.96
965,11/09/05,3.99
966,11/10/05,3.97
967,11/14/05,4.02
968,11/15/05,4.01
969,11/16/05,4.00
970,11/17/05,4.01
971,11/18/05,4.00
972,11/21/05,4.00
973,11/22/05,3.93
974,11/23/05,3.95
975,11/25/05,3.95
976,11/28/05,3.98
977,11/29/05,3.98
978,11/30/05,3.95
979,12/01/05,3.97
980,12/02/05,3.99
981,12/05/05,4.05
982,12/06/05,4.05
983,12/07/05,4.03
984,12/08/05,3.94
985,12/09/05,3.94
986,12/12/05,3.92
987,12/13/05,3.92
988,12/14/05,3.90
989,12/15/05,3.93
990,12/16/05,3.93
991,12/19/05,3.98
992,12/20/05,3.97
993,12/21/05,3.99
994,12/22/05,3.98
995,12/23/05,3.99
996,12/27/05,3.99
997,12/28/05,3.96
998,12/29/05,4.01
999,12/30/05,4.08
1000,01/03/06,4.17
1001,01/04/06,4.19
1002,01/05/06,4.20
1003,01/06/06,4.22
1004,01/09/06,4.24
1005,01/10/06,4.29
1006,01/11/06,4.30
1007,01/12/06,4.32
1008,01/13/06,4.33
1009,01/17/06,4.39
1010,01/18/06,4.36
1011,01/19/06,4.36
1012,01/20/06,4.35
1013,01/23/06,4.39
1014,01/24/06,4.41
1015,01/25/06,4.43
1016,01/26/06,4.45
1017,01/27/06,4.45
1018,01/30/06,4.49
1019,01/31/06,4.48
1020,02/01/06,4.48
1021,02/02/06,4.48
1022,02/03/06,4.48
1023,02/06/06,4.49
1024,02/07/06,4.50
1025,02/08/06,4.51
1026,02/09/06,4.52
1027,02/10/06,4.53
1028,02/13/06,4.56
1029,02/14/06,4.56
1030,02/15/06,4.55
1031,02/16/06,4.55
1032,02/17/06,4.54
1033,02/21/06,4.57
1034,02/22/06,4.57
1035,02/23/06,4.59
1036,02/24/06,4.60
1037,02/27/06,4.63
1038,02/28/06,4.63
1039,03/01/06,4.60
1040,03/02/06,4.61
1041,03/03/06,4.61
1042,03/06/06,4.60
1043,03/07/06,4.60
1044,03/08/06,4.58
1045,03/09/06,4.59
1046,03/10/06,4.61
1047,03/13/06,4.61
1048,03/14/06,4.59
1049,03/15/06,4.63
1050,03/16/06,4.61
1051,03/17/06,4.63
1052,03/20/06,4.67
1053,03/21/06,4.69
1054,03/22/06,4.69
1055,03/23/06,4.67
1056,03/24/06,4.65
1057,03/27/06,4.63
1058,03/28/06,4.65
1059,03/29/06,4.63
1060,03/30/06,4.61
1061,03/31/06,4.63
1062,04/03/06,4.67
1063,04/04/06,4.68
1064,04/05/06,4.67
1065,04/06/06,4.68
1066,04/07/06,4.69
1067,04/10/06,4.70
1068,04/11/06,4.70
1069,04/12/06,4.70
1070,04/13/06,4.70
1071,04/17/06,4.73
1072,04/18/06,4.73
1073,04/19/06,4.73
1074,04/20/06,4.73
1075,04/21/06,4.75
1076,04/24/06,4.76
1077,04/25/06,4.79
1078,04/26/06,4.79
1079,04/27/06,4.78
1080,04/28/06,4.77
1081,05/01/06,4.82
1082,05/02/06,4.81
1083,05/03/06,4.82
1084,05/04/06,4.80
1085,05/05/06,4.82
1086,05/08/06,4.87
1087,05/09/06,4.88
1088,05/10/06,4.88
1089,05/11/06,4.82
1090,05/12/06,4.84
1091,05/15/06,4.86
1092,05/16/06,4.83
1093,05/17/06,4.83
1094,05/18/06,4.83
1095,05/19/06,4.82
1096,05/22/06,4.83
1097,05/23/06,4.84
1098,05/24/06,4.82
1099,05/25/06,4.82
1100,05/26/06,4.84
1101,05/30/06,4.84
1102,05/31/06,4.86
1103,06/01/06,4.83
1104,06/02/06,4.81
1105,06/05/06,4.85
1106,06/06/06,4.86
1107,06/07/06,4.86
1108,06/08/06,4.86
1109,06/09/06,4.87
1110,06/12/06,4.94
1111,06/13/06,4.90
1112,06/14/06,4.90
1113,06/15/06,4.84
1114,06/16/06,4.87
1115,06/19/06,4.94
1116,06/20/06,4.93
1117,06/21/06,4.92
1118,06/22/06,4.92
1119,06/23/06,4.97
1120,06/26/06,5.04
1121,06/27/06,5.05
1122,06/28/06,5.01
1123,06/29/06,5.01
1124,06/30/06,5.00
1125,07/03/06,5.09
1126,07/05/06,5.01
1127,07/06/06,5.00
1128,07/07/06,5.02
1129,07/10/06,5.06
1130,07/11/06,5.05
1131,07/12/06,5.06
1132,07/13/06,5.05
1133,07/14/06,5.06
1134,07/17/06,5.11
1135,07/18/06,5.13
1136,07/19/06,5.11
1137,07/20/06,5.08
1138,07/21/06,5.09
1139,07/24/06,5.10
1140,07/25/06,5.13
1141,07/26/06,5.11
1142,07/27/06,5.10
1143,07/28/06,5.07
1144,07/31/06,5.10
1145,08/01/06,5.12
1146,08/02/06,5.10
1147,08/03/06,5.11
1148,08/04/06,5.09
1149,08/07/06,5.12
1150,08/08/06,5.10
1151,08/09/06,5.07
1152,08/10/06,5.05
1153,08/11/06,5.07
1154,08/14/06,5.12
1155,08/15/06,5.10
1156,08/16/06,5.07
1157,08/17/06,5.09
1158,08/18/06,5.10
1159,08/21/06,5.11
1160,08/22/06,5.10
1161,08/23/06,5.09
1162,08/24/06,5.09
1163,08/25/06,5.11
1164,08/28/06,5.10
1165,08/29/06,5.07
1166,08/30/06,5.05
1167,08/31/06,5.05
1168,09/01/06,5.02
1169,09/05/06,5.00
1170,09/06/06,4.97
1171,09/07/06,4.97
1172,09/08/06,4.92
1173,09/11/06,4.94
1174,09/12/06,4.91
1175,09/13/06,4.92
1176,09/14/06,4.95
1177,09/15/06,4.95
1178,09/18/06,4.95
1179,09/19/06,4.95
1180,09/20/06,4.94
1181,09/21/06,4.92
1182,09/22/06,4.92
1183,09/25/06,4.88
1184,09/26/06,4.88
1185,09/27/06,4.88
1186,09/28/06,4.87
1187,09/29/06,4.89
1188,10/02/06,4.88
1189,10/03/06,4.91
1190,10/04/06,4.93
1191,10/05/06,4.94
1192,10/06/06,4.94
1193,10/10/06,5.00
1194,10/11/06,5.02
1195,10/12/06,5.06
1196,10/13/06,5.05
1197,10/16/06,5.09
1198,10/17/06,5.09
1199,10/18/06,5.09
1200,10/19/06,5.10
1201,10/20/06,5.09
1202,10/23/06,5.12
1203,10/24/06,5.13
1204,10/25/06,5.12
1205,10/26/06,5.12
1206,10/27/06,5.11
1207,10/30/06,5.10
1208,10/31/06,5.08
1209,11/01/06,5.07
1210,11/02/06,5.07
1211,11/03/06,5.09
1212,11/06/06,5.09
1213,11/07/06,5.08
1214,11/08/06,5.10
1215,11/09/06,5.09
1216,11/10/06,5.10
1217,11/13/06,5.09
1218,11/14/06,5.09
1219,11/15/06,5.09
1220,11/16/06,5.09
1221,11/17/06,5.09
1222,11/20/06,5.08
1223,11/21/06,5.07
1224,11/22/06,5.05
1225,11/24/06,5.04
1226,11/27/06,5.05
1227,11/28/06,5.04
1228,11/29/06,5.04
1229,11/30/06,5.03
1230,12/01/06,5.03
1231,12/04/06,5.01
1232,12/05/06,4.99
1233,12/06/06,4.99
1234,12/07/06,4.98
1235,12/08/06,4.97
1236,12/11/06,4.94
1237,12/12/06,4.94
1238,12/13/06,4.95
1239,12/14/06,4.96
1240,12/15/06,4.91
1241,12/18/06,4.97
1242,12/19/06,4.97
1243,12/20/06,4.97
1244,12/21/06,4.97
1245,12/22/06,4.99
1246,12/26/06,5.00
1247,12/27/06,4.98
1248,12/28/06,5.00
1249,12/29/06,5.02
1250,01/02/07,5.07
1251,01/03/07,5.05
1252,01/04/07,5.04
1253,01/05/07,5.05
1254,01/08/07,5.08
1255,01/09/07,5.08
1256,01/10/07,5.09
1257,01/11/07,5.11
1258,01/12/07,5.09
1259,01/16/07,5.11
1260,01/17/07,5.12
1261,01/18/07,5.12
1262,01/19/07,5.14
1263,01/22/07,5.13
1264,01/23/07,5.14
1265,01/24/07,5.13
1266,01/25/07,5.14
1267,01/26/07,5.13
1268,01/29/07,5.14
1269,01/30/07,5.13
1270,01/31/07,5.12
1271,02/01/07,5.13
1272,02/02/07,5.14
1273,02/05/07,5.16
1274,02/06/07,5.14
1275,02/07/07,5.16
1276,02/08/07,5.16
1277,02/09/07,5.15
1278,02/12/07,5.18
1279,02/13/07,5.17
1280,02/14/07,5.16
1281,02/15/07,5.16
1282,02/16/07,5.17
1283,02/20/07,5.19
1284,02/21/07,5.18
1285,02/22/07,5.19
1286,02/23/07,5.18
1287,02/26/07,5.19
1288,02/27/07,5.14
1289,02/28/07,5.16
1290,03/01/07,5.15
1291,03/02/07,5.12
1292,03/05/07,5.10
1293,03/06/07,5.14
1294,03/07/07,5.12
1295,03/08/07,5.10
1296,03/09/07,5.10
1297,03/12/07,5.09
1298,03/13/07,5.09
1299,03/14/07,5.06
1300,03/15/07,5.05
1301,03/16/07,5.04
1302,03/19/07,5.06
1303,03/20/07,5.06
1304,03/21/07,5.05
1305,03/22/07,5.06
1306,03/23/07,5.08
1307,03/26/07,5.06
1308,03/27/07,5.08
1309,03/28/07,5.06
1310,03/29/07,5.05
1311,03/30/07,5.04
1312,04/02/07,5.04
1313,04/03/07,5.05
1314,04/04/07,5.06
1315,04/05/07,5.04
1316,04/06/07,5.05
1317,04/09/07,5.02
1318,04/10/07,5.03
1319,04/11/07,5.04
1320,04/12/07,5.03
1321,04/13/07,5.02
1322,04/16/07,5.01
1323,04/17/07,5.01
1324,04/18/07,5.00
1325,04/19/07,4.99
1326,04/20/07,4.99
1327,04/23/07,4.98
1328,04/24/07,4.98
1329,04/25/07,4.97
1330,04/26/07,4.96
1331,04/27/07,4.95
1332,04/30/07,4.92
1333,05/01/07,4.90
1334,05/02/07,4.91
1335,05/03/07,4.90
1336,05/04/07,4.90
1337,05/07/07,4.90
1338,05/08/07,4.90
1339,05/09/07,4.88
1340,05/10/07,4.87
1341,05/11/07,4.86
1342,05/14/07,4.85
1343,05/15/07,4.84
1344,05/16/07,4.75
1345,05/17/07,4.81
1346,05/18/07,4.83
1347,05/21/07,4.88
1348,05/22/07,4.93
1349,05/23/07,4.91
1350,05/24/07,4.91
1351,05/25/07,4.88
1352,05/29/07,4.90
1353,05/30/07,4.85
1354,05/31/07,4.73
1355,06/01/07,4.79
1356,06/04/07,4.81
1357,06/05/07,4.84
1358,06/06/07,4.80
1359,06/07/07,4.80
1360,06/08/07,4.77
1361,06/11/07,4.73
1362,06/12/07,4.72
1363,06/13/07,4.66
1364,06/14/07,4.65
1365,06/15/07,4.55
1366,06/18/07,4.64
1367,06/19/07,4.65
1368,06/20/07,4.74
1369,06/21/07,4.70
1370,06/22/07,4.72
1371,06/25/07,4.83
1372,06/26/07,4.83
1373,06/27/07,4.77
1374,06/28/07,4.77
1375,06/29/07,4.81
1376,07/02/07,4.95
1377,07/03/07,4.95
1378,07/05/07,4.95
1379,07/06/07,4.95
1380,07/09/07,4.97
1381,07/10/07,4.95
1382,07/11/07,4.95
1383,07/12/07,4.97
1384,07/13/07,4.97
1385,07/16/07,4.98
1386,07/17/07,4.96
1387,07/18/07,4.96
1388,07/19/07,4.98
1389,07/20/07,4.97
1390,07/23/07,5.02
1391,07/24/07,5.02
1392,07/25/07,4.99
1393,07/26/07,4.92
1394,07/27/07,4.85
1395,07/30/07,4.96
1396,07/31/07,4.96
1397,08/01/07,4.89
1398,08/02/07,4.89
1399,08/03/07,4.85
1400,08/06/07,4.88
1401,08/07/07,4.94
1402,08/08/07,4.95
1403,08/09/07,4.80
1404,08/10/07,4.56
1405,08/13/07,4.74
1406,08/14/07,4.64
1407,08/15/07,4.21
1408,08/16/07,3.79
1409,08/17/07,3.74
1410,08/20/07,3.16
1411,08/21/07,3.60
1412,08/22/07,3.67
1413,08/23/07,3.89
1414,08/24/07,4.24
1415,08/27/07,4.63
1416,08/28/07,4.40
1417,08/29/07,3.98
1418,08/30/07,3.84
1419,08/31/07,4.01
1420,09/04/07,4.47
1421,09/05/07,4.36
1422,09/06/07,4.29
1423,09/07/07,4.06
1424,09/10/07,3.96
1425,09/11/07,4.11
1426,09/12/07,4.04
1427,09/13/07,4.08
1428,09/14/07,4.00
1429,09/17/07,4.16
1430,09/18/07,4.01
1431,09/19/07,3.93
1432,09/20/07,3.79
1433,09/21/07,3.73
1434,09/24/07,3.86
1435,09/25/07,3.80
1436,09/26/07,3.74
1437,09/27/07,3.71
1438,09/28/07,3.82
1439,10/01/07,3.93
1440,10/02/07,3.96
1441,10/03/07,3.96
1442,10/04/07,3.95
1443,10/05/07,3.99
1444,10/09/07,4.07
1445,10/10/07,4.06
1446,10/11/07,4.12
1447,10/12/07,4.20
1448,10/15/07,4.31
1449,10/16/07,4.25
1450,10/17/07,4.01
1451,10/18/07,3.76
1452,10/19/07,3.85
1453,10/22/07,4.00
1454,10/23/07,3.98
1455,10/24/07,3.85
1456,10/25/07,3.94
1457,10/26/07,3.96
1458,10/29/07,4.01
1459,10/30/07,3.96
1460,10/31/07,3.94
1461,11/01/07,3.81
1462,11/02/07,3.61
1463,11/05/07,3.71
1464,11/06/07,3.76
1465,11/07/07,3.49
1466,11/08/07,3.38
1467,11/09/07,3.27
1468,11/13/07,3.50
1469,11/14/07,3.41
1470,11/15/07,3.30
1471,11/16/07,3.40
1472,11/19/07,3.40
1473,11/20/07,3.25
1474,11/21/07,3.09
1475,11/23/07,3.23
1476,11/26/07,3.14
1477,11/27/07,3.16
1478,11/28/07,3.05
1479,11/29/07,2.99
1480,11/30/07,3.15
1481,12/03/07,3.06
1482,12/04/07,3.07
1483,12/05/07,3.07
1484,12/06/07,3.09
1485,12/07/07,3.11
1486,12/10/07,3.05
1487,12/11/07,2.94
1488,12/12/07,2.88
1489,12/13/07,2.87
1490,12/14/07,2.88
1491,12/17/07,3.08
1492,12/18/07,3.05
1493,12/19/07,2.92
1494,12/20/07,2.92
1495,12/21/07,2.99
1496,12/24/07,3.34
1497,12/26/07,3.32
1498,12/27/07,3.17
1499,12/28/07,3.18
1500,12/31/07,3.37
1501,01/02/08,3.26
1502,01/03/08,3.24
1503,01/04/08,3.20
1504,01/07/08,3.27
1505,01/08/08,3.25
1506,01/09/08,3.22
1507,01/10/08,3.24
1508,01/11/08,3.09
1509,01/14/08,3.19
1510,01/15/08,3.17
1511,01/16/08,3.14
1512,01/17/08,3.07
1513,01/18/08,2.86
1514,01/22/08,2.35
1515,01/23/08,2.21
1516,01/24/08,2.37
1517,01/25/08,2.30
1518,01/28/08,2.34
1519,01/29/08,2.28
1520,01/30/08,2.21
1521,01/31/08,1.96
1522,02/01/08,2.10
1523,02/04/08,2.27
1524,02/05/08,2.19
1525,02/06/08,2.10
1526,02/07/08,2.17
1527,02/08/08,2.23
1528,02/11/08,2.30
1529,02/12/08,2.30
1530,02/13/08,2.27
1531,02/14/08,2.31
1532,02/15/08,2.21
1533,02/19/08,2.28
1534,02/20/08,2.25
1535,02/21/08,2.20
1536,02/22/08,2.20
1537,02/25/08,2.20
1538,02/26/08,2.14
1539,02/27/08,1.98
1540,02/28/08,1.90
1541,02/29/08,1.85
1542,03/03/08,1.71
1543,03/04/08,1.66
1544,03/05/08,1.53
1545,03/06/08,1.39
1546,03/07/08,1.44
1547,03/10/08,1.35
1548,03/11/08,1.48
1549,03/12/08,1.48
1550,03/13/08,1.35
1551,03/14/08,1.18
1552,03/17/08,1.11
1553,03/18/08,0.92
1554,03/19/08,0.61
1555,03/20/08,0.63
1556,03/24/08,1.25
1557,03/25/08,1.29
1558,03/26/08,1.29
1559,03/27/08,1.30
1560,03/28/08,1.33
1561,03/31/08,1.39
1562,04/01/08,1.40
1563,04/02/08,1.41
1564,04/03/08,1.40
1565,04/04/08,1.35
1566,04/07/08,1.46
1567,04/08/08,1.41
1568,04/09/08,1.31
1569,04/10/08,1.27
1570,04/11/08,1.19
1571,04/14/08,1.09
1572,04/15/08,1.11
1573,04/16/08,1.13
1574,04/17/08,1.23
1575,04/18/08,1.34
1576,04/21/08,1.35
1577,04/22/08,1.28
1578,04/23/08,1.26
1579,04/24/08,1.26
1580,04/25/08,1.33
1581,04/28/08,1.45
1582,04/29/08,1.47
1583,04/30/08,1.43
1584,05/01/08,1.44
1585,05/02/08,1.50
1586,05/05/08,1.54
1587,05/06/08,1.63
1588,05/07/08,1.67
1589,05/08/08,1.66
1590,05/09/08,1.69
1591,05/12/08,1.77
1592,05/13/08,1.83
1593,05/14/08,1.82
1594,05/15/08,1.83
1595,05/16/08,1.84
1596,05/19/08,1.82
1597,05/20/08,1.86
1598,05/21/08,1.86
1599,05/22/08,1.86
1600,05/23/08,1.85
1601,05/27/08,1.89
1602,05/28/08,1.89
1603,05/29/08,1.90
1604,05/30/08,1.88
1605,06/02/08,1.85
1606,06/03/08,1.85
1607,06/04/08,1.84
1608,06/05/08,1.85
1609,06/06/08,1.84
1610,06/09/08,1.89
1611,06/10/08,2.02
1612,06/11/08,1.96
1613,06/12/08,2.00
1614,06/13/08,1.99
1615,06/16/08,2.08
1616,06/17/08,2.00
1617,06/18/08,1.93
1618,06/19/08,1.90
1619,06/20/08,1.86
1620,06/23/08,1.88
1621,06/24/08,1.83
1622,06/25/08,1.81
1623,06/26/08,1.73
1624,06/27/08,1.67
1625,06/30/08,1.90
1626,07/01/08,1.87
1627,07/02/08,1.82
1628,07/03/08,1.84
1629,07/07/08,1.87
1630,07/08/08,1.86
1631,07/09/08,1.82
1632,07/10/08,1.67
1633,07/11/08,1.61
1634,07/14/08,1.53
1635,07/15/08,1.39
1636,07/16/08,1.37
1637,07/17/08,1.42
1638,07/18/08,1.48
1639,07/21/08,1.49
1640,07/22/08,1.55
1641,07/23/08,1.59
1642,07/24/08,1.65
1643,07/25/08,1.74
1644,07/28/08,1.73
1645,07/29/08,1.72
1646,07/30/08,1.70
1647,07/31/08,1.68
1648,08/01/08,1.66
1649,08/04/08,1.75
1650,08/05/08,1.75
1651,08/06/08,1.64
1652,08/07/08,1.66
1653,08/08/08,1.70
1654,08/11/08,1.87
1655,08/12/08,1.86
1656,08/13/08,1.85
1657,08/14/08,1.88
1658,08/15/08,1.84
1659,08/18/08,1.82
1660,08/19/08,1.80
1661,08/20/08,1.71
1662,08/21/08,1.72
1663,08/22/08,1.70
1664,08/25/08,1.74
1665,08/26/08,1.71
1666,08/27/08,1.67
1667,08/28/08,1.74
1668,08/29/08,1.72
1669,09/02/08,1.72
1670,09/03/08,1.70
1671,09/04/08,1.69
1672,09/05/08,1.68
1673,09/08/08,1.72
1674,09/09/08,1.66
1675,09/10/08,1.65
1676,09/11/08,1.61
1677,09/12/08,1.49
1678,09/15/08,1.05
1679,09/16/08,0.85
1680,09/17/08,0.03
1681,09/18/08,0.23
1682,09/19/08,0.99
1683,09/22/08,1.31
1684,09/23/08,0.82
1685,09/24/08,0.51
1686,09/25/08,0.76
1687,09/26/08,0.87
1688,09/29/08,0.98
1689,09/30/08,0.91
1690,10/01/08,0.85
1691,10/02/08,0.63
1692,10/03/08,0.51
1693,10/06/08,0.55
1694,10/07/08,0.82
1695,10/08/08,0.68
1696,10/09/08,0.59
1697,10/10/08,0.24
1698,10/14/08,0.35
1699,10/15/08,0.22
1700,10/16/08,0.46
1701,10/17/08,0.81
1702,10/20/08,1.26
1703,10/21/08,1.11
1704,10/22/08,1.05
1705,10/23/08,0.98
1706,10/24/08,0.87
1707,10/27/08,0.85
1708,10/28/08,0.77
1709,10/29/08,0.62
1710,10/30/08,0.41
1711,10/31/08,0.45
1712,11/03/08,0.50
1713,11/04/08,0.49
1714,11/05/08,0.40
1715,11/06/08,0.31
1716,11/07/08,0.30
1717,11/10/08,0.29
1718,11/12/08,0.18
1719,11/13/08,0.21
1720,11/14/08,0.14
1721,11/17/08,0.12
1722,11/18/08,0.12
1723,11/19/08,0.07
1724,11/20/08,0.03
1725,11/21/08,0.02
1726,11/24/08,0.13
1727,11/25/08,0.10
1728,11/26/08,0.05
1729,11/28/08,0.01
1730,12/01/08,0.07
1731,12/02/08,0.06
1732,12/03/08,0.02
1733,12/04/08,0.02
1734,12/05/08,0.02
1735,12/08/08,0.03
1736,12/09/08,0.03
1737,12/10/08,0.00
1738,12/11/08,0.01
1739,12/12/08,0.02
1740,12/15/08,0.04
1741,12/16/08,0.04
1742,12/17/08,0.05
1743,12/18/08,0.00
1744,12/19/08,0.02
1745,12/22/08,0.01
1746,12/23/08,0.02
1747,12/24/08,0.00
1748,12/26/08,0.03
1749,12/29/08,0.06
1750,12/30/08,0.10
1751,12/31/08,0.11
1752,01/02/09,0.08
1753,01/05/09,0.14
1754,01/06/09,0.14
1755,01/07/09,0.11
1756,01/08/09,0.09
1757,01/09/09,0.07
1758,01/12/09,0.12
1759,01/13/09,0.11
1760,01/14/09,0.12
1761,01/15/09,0.11
1762,01/16/09,0.12
1763,01/20/09,0.13
1764,01/21/09,0.11
1765,01/22/09,0.10
1766,01/23/09,0.11
1767,01/26/09,0.15
1768,01/27/09,0.13
1769,01/28/09,0.19
1770,01/29/09,0.23
1771,01/30/09,0.24
1772,02/02/09,0.27
1773,02/03/09,0.32
1774,02/04/09,0.30
1775,02/05/09,0.29
1776,02/06/09,0.28
1777,02/09/09,0.32
1778,02/10/09,0.31
1779,02/11/09,0.30
1780,02/12/09,0.29
1781,02/13/09,0.29
1782,02/17/09,0.32
1783,02/18/09,0.31
1784,02/19/09,0.30
1785,02/20/09,0.27
1786,02/23/09,0.30
1787,02/24/09,0.32
1788,02/25/09,0.30
1789,02/26/09,0.27
1790,02/27/09,0.26
1791,03/02/09,0.28
1792,03/03/09,0.27
1793,03/04/09,0.26
1794,03/05/09,0.20
1795,03/06/09,0.20
1796,03/09/09,0.23
1797,03/10/09,0.24
1798,03/11/09,0.23
1799,03/12/09,0.21
1800,03/13/09,0.19
1801,03/16/09,0.24
1802,03/17/09,0.24
1803,03/18/09,0.21
1804,03/19/09,0.20
1805,03/20/09,0.21
1806,03/23/09,0.22
1807,03/24/09,0.21
1808,03/25/09,0.19
1809,03/26/09,0.15
1810,03/27/09,0.13
1811,03/30/09,0.18
1812,03/31/09,0.21
1813,04/01/09,0.22
1814,04/02/09,0.22
1815,04/03/09,0.21
1816,04/06/09,0.20
1817,04/07/09,0.20
1818,04/08/09,0.18
1819,04/09/09,0.18
1820,04/13/09,0.18
1821,04/14/09,0.17
1822,04/15/09,0.15
1823,04/16/09,0.13
1824,04/17/09,0.14
1825,04/20/09,0.14
1826,04/21/09,0.15
1827,04/22/09,0.14
1828,04/23/09,0.10
1829,04/24/09,0.10
1830,04/27/09,0.13
1831,04/28/09,0.13
1832,04/29/09,0.11
1833,04/30/09,0.14
1834,05/01/09,0.15
1835,05/04/09,0.19
1836,05/05/09,0.19
1837,05/06/09,0.19
1838,05/07/09,0.18
1839,05/08/09,0.18
1840,05/11/09,0.19
1841,05/12/09,0.19
1842,05/13/09,0.17
1843,05/14/09,0.16
1844,05/15/09,0.17
1845,05/18/09,0.19
1846,05/19/09,0.18
1847,05/20/09,0.18
1848,05/21/09,0.19
1849,05/22/09,0.18
1850,05/26/09,0.18
1851,05/27/09,0.17
1852,05/28/09,0.15
1853,05/29/09,0.14
1854,06/01/09,0.13
1855,06/02/09,0.14
1856,06/03/09,0.14
1857,06/04/09,0.14
1858,06/05/09,0.19
1859,06/08/09,0.19
1860,06/09/09,0.19
1861,06/10/09,0.18
1862,06/11/09,0.19
1863,06/12/09,0.18
1864,06/15/09,0.17
1865,06/16/09,0.17
1866,06/17/09,0.17
1867,06/18/09,0.18
1868,06/19/09,0.18
1869,06/22/09,0.20
1870,06/23/09,0.20
1871,06/24/09,0.19
1872,06/25/09,0.18
1873,06/26/09,0.19
1874,06/29/09,0.20
1875,06/30/09,0.19
1876,07/01/09,0.17
1877,07/02/09,0.17
1878,07/06/09,0.19
1879,07/07/09,0.19
1880,07/08/09,0.18
1881,07/09/09,0.19
1882,07/10/09,0.18
1883,07/13/09,0.18
1884,07/14/09,0.18
1885,07/15/09,0.18
1886,07/16/09,0.19
1887,07/17/09,0.17
1888,07/20/09,0.19
1889,07/21/09,0.19
1890,07/22/09,0.19
1891,07/23/09,0.19
1892,07/24/09,0.18
1893,07/27/09,0.19
1894,07/28/09,0.19
1895,07/29/09,0.19
1896,07/30/09,0.18
1897,07/31/09,0.18
1898,08/03/09,0.19
1899,08/04/09,0.18
1900,08/05/09,0.18
1901,08/06/09,0.17
1902,08/07/09,0.18
1903,08/10/09,0.19
1904,08/11/09,0.18
1905,08/12/09,0.17
1906,08/13/09,0.17
1907,08/14/09,0.18
1908,08/17/09,0.18
1909,08/18/09,0.18
1910,08/19/09,0.17
1911,08/20/09,0.17
1912,08/21/09,0.17
1913,08/24/09,0.17
1914,08/25/09,0.17
1915,08/26/09,0.15
1916,08/27/09,0.15
1917,08/28/09,0.15
1918,08/31/09,0.15
1919,09/01/09,0.14
1920,09/02/09,0.14
1921,09/03/09,0.15
1922,09/04/09,0.14
1923,09/08/09,0.14
1924,09/09/09,0.14
1925,09/10/09,0.14
1926,09/11/09,0.14
1927,09/14/09,0.14
1928,09/15/09,0.13
1929,09/16/09,0.10
1930,09/17/09,0.10
1931,09/18/09,0.08
1932,09/21/09,0.11
1933,09/22/09,0.11
1934,09/23/09,0.11
1935,09/24/09,0.10
1936,09/25/09,0.10
1937,09/28/09,0.11
1938,09/29/09,0.13
1939,09/30/09,0.14
1940,10/01/09,0.10
1941,10/02/09,0.10
1942,10/05/09,0.08
1943,10/06/09,0.08
1944,10/07/09,0.09
1945,10/08/09,0.06
1946,10/09/09,0.07
1947,10/13/09,0.07
1948,10/14/09,0.07
1949,10/15/09,0.07
1950,10/16/09,0.07
1951,10/19/09,0.08
1952,10/20/09,0.08
1953,10/21/09,0.07
1954,10/22/09,0.06
1955,10/23/09,0.07
1956,10/26/09,0.08
1957,10/27/09,0.08
1958,10/28/09,0.07
1959,10/29/09,0.06
1960,10/30/09,0.05
1961,11/02/09,0.06
1962,11/03/09,0.06
1963,11/04/09,0.05
1964,11/05/09,0.04
1965,11/06/09,0.06
1966,11/09/09,0.07
1967,11/10/09,0.07
1968,11/12/09,0.07
1969,11/13/09,0.06
1970,11/16/09,0.07
1971,11/17/09,0.06
1972,11/18/09,0.04
1973,11/19/09,0.02
1974,11/20/09,0.02
1975,11/23/09,0.05
1976,11/24/09,0.05
1977,11/25/09,0.05
1978,11/27/09,0.03
1979,11/30/09,0.06
1980,12/01/09,0.06
1981,12/02/09,0.05
1982,12/03/09,0.06
1983,12/04/09,0.06
1984,12/07/09,0.04
1985,12/08/09,0.03
1986,12/09/09,0.03
1987,12/10/09,0.02
1988,12/11/09,0.03
1989,12/14/09,0.04
1990,12/15/09,0.05
1991,12/16/09,0.04
1992,12/17/09,0.04
1993,12/18/09,0.05
1994,12/21/09,0.08
1995,12/22/09,0.08
1996,12/23/09,0.07
1997,12/24/09,0.05
1998,12/28/09,0.11
1999,12/29/09,0.10
2000,12/30/09,0.05
2001,12/31/09,0.06
2002,01/04/10,0.08
2003,01/05/10,0.07
2004,01/06/10,0.06
2005,01/07/10,0.05
2006,01/08/10,0.05
2007,01/11/10,0.04
2008,01/12/10,0.05
2009,01/13/10,0.06
2010,01/14/10,0.05
2011,01/15/10,0.06
2012,01/19/10,0.06
2013,01/20/10,0.05
2014,01/21/10,0.06
2015,01/22/10,0.06
2016,01/25/10,0.06
2017,01/26/10,0.07
2018,01/27/10,0.08
2019,01/28/10,0.08
2020,01/29/10,0.08
2021,02/01/10,0.10
2022,02/02/10,0.10
2023,02/03/10,0.10
2024,02/04/10,0.09
2025,02/05/10,0.10
2026,02/08/10,0.12
2027,02/09/10,0.12
2028,02/10/10,0.11
2029,02/11/10,0.11
2030,02/12/10,0.10
2031,02/16/10,0.10
2032,02/17/10,0.10
2033,02/18/10,0.10
2034,02/19/10,0.11
2035,02/22/10,0.11
2036,02/23/10,0.12
2037,02/24/10,0.12
2038,02/25/10,0.13
2039,02/26/10,0.13
2040,03/01/10,0.13
2041,03/02/10,0.14
2042,03/03/10,0.14
2043,03/04/10,0.14
2044,03/05/10,0.15
2045,03/08/10,0.16
2046,03/09/10,0.16
2047,03/10/10,0.15
2048,03/11/10,0.16
2049,03/12/10,0.15
2050,03/15/10,0.17
2051,03/16/10,0.16
2052,03/17/10,0.15
2053,03/18/10,0.16
2054,03/19/10,0.16
2055,03/22/10,0.15
2056,03/23/10,0.14
2057,03/24/10,0.14
2058,03/25/10,0.14
2059,03/26/10,0.14
2060,03/29/10,0.15
2061,03/30/10,0.16
2062,03/31/10,0.16
2063,04/01/10,0.16
2064,04/02/10,0.16
2065,04/05/10,0.18
2066,04/06/10,0.17
2067,04/07/10,0.17
2068,04/08/10,0.17
2069,04/09/10,0.16
2070,04/12/10,0.16
2071,04/13/10,0.16
2072,04/14/10,0.16
2073,04/15/10,0.16
2074,04/16/10,0.16
2075,04/19/10,0.16
2076,04/20/10,0.16
2077,04/21/10,0.15
2078,04/22/10,0.16
2079,04/23/10,0.16
2080,04/26/10,0.16
2081,04/27/10,0.16
2082,04/28/10,0.16
2083,04/29/10,0.17
2084,04/30/10,0.16
2085,05/03/10,0.17
2086,05/04/10,0.16
2087,05/05/10,0.15
2088,05/06/10,0.11
2089,05/07/10,0.13
2090,05/10/10,0.16
2091,05/11/10,0.16
2092,05/12/10,0.16
2093,05/13/10,0.16
2094,05/14/10,0.16
2095,05/17/10,0.16
2096,05/18/10,0.17
2097,05/19/10,0.17
2098,05/20/10,0.17
2099,05/21/10,0.17
2100,05/24/10,0.17
2101,05/25/10,0.17
2102,05/26/10,0.17
2103,05/27/10,0.17
2104,05/28/10,0.16
2105,06/01/10,0.16
2106,06/02/10,0.16
2107,06/03/10,0.14
2108,06/04/10,0.14
2109,06/07/10,0.12
2110,06/08/10,0.12
2111,06/09/10,0.10
2112,06/10/10,0.10
2113,06/11/10,0.08
2114,06/14/10,0.07
2115,06/15/10,0.09
2116,06/16/10,0.10
2117,06/17/10,0.09
2118,06/18/10,0.11
2119,06/21/10,0.12
2120,06/22/10,0.13
2121,06/23/10,0.13
2122,06/24/10,0.13
2123,06/25/10,0.13
2124,06/28/10,0.17
2125,06/29/10,0.15
2126,06/30/10,0.18
2127,07/01/10,0.17
2128,07/02/10,0.17
2129,07/06/10,0.17
2130,07/07/10,0.16
2131,07/08/10,0.15
2132,07/09/10,0.16
2133,07/12/10,0.16
2134,07/13/10,0.15
2135,07/14/10,0.15
2136,07/15/10,0.15
2137,07/16/10,0.15
2138,07/19/10,0.17
2139,07/20/10,0.16
2140,07/21/10,0.16
2141,07/22/10,0.16
2142,07/23/10,0.16
2143,07/26/10,0.16
2144,07/27/10,0.15
2145,07/28/10,0.15
2146,07/29/10,0.15
2147,07/30/10,0.15
2148,08/02/10,0.16
2149,08/03/10,0.16
2150,08/04/10,0.16
2151,08/05/10,0.15
2152,08/06/10,0.15
2153,08/09/10,0.15
2154,08/10/10,0.15
2155,08/11/10,0.15
2156,08/12/10,0.16
2157,08/13/10,0.15
2158,08/16/10,0.16
2159,08/17/10,0.17
2160,08/18/10,0.16
2161,08/19/10,0.16
2162,08/20/10,0.15
2163,08/23/10,0.16
2164,08/24/10,0.16
2165,08/25/10,0.16
2166,08/26/10,0.16
2167,08/27/10,0.15
2168,08/30/10,0.14
2169,08/31/10,0.14
2170,09/01/10,0.13
2171,09/02/10,0.14
2172,09/03/10,0.14
2173,09/07/10,0.14
2174,09/08/10,0.14
2175,09/09/10,0.14
2176,09/10/10,0.14
2177,09/13/10,0.15
2178,09/14/10,0.15
2179,09/15/10,0.15
2180,09/16/10,0.16
2181,09/17/10,0.16
2182,09/20/10,0.17
2183,09/21/10,0.17
2184,09/22/10,0.16
2185,09/23/10,0.16
2186,09/24/10,0.15
2187,09/27/10,0.16
2188,09/28/10,0.16
2189,09/29/10,0.16
2190,09/30/10,0.16
2191,10/01/10,0.16
2192,10/04/10,0.13
2193,10/05/10,0.12
2194,10/06/10,0.13
2195,10/07/10,0.13
2196,10/08/10,0.12
2197,10/11/10,N/A
2198,10/12/10,0.13
2199,10/13/10,0.13
2200,10/14/10,0.14
2201,10/15/10,0.14
2202,10/18/10,0.15
2203,10/19/10,0.14
2204,10/20/10,0.14
2205,10/21/10,0.13
2206,10/22/10,0.13
2207,10/25/10,0.14
2208,10/26/10,0.14
2209,10/27/10,0.14
2210,10/28/10,0.13
2211,10/29/10,0.12
2212,11/01/10,0.13
2213,11/02/10,0.13
2214,11/03/10,0.13
2215,11/04/10,0.13
2216,11/05/10,0.13
2217,11/08/10,0.13
2218,11/09/10,0.13
2219,11/10/10,0.13
2220,11/12/10,0.13
2221,11/15/10,0.14
2222,11/16/10,0.15
2223,11/17/10,0.14
2224,11/18/10,0.15
2225,11/19/10,0.14
2226,11/22/10,0.15
2227,11/23/10,0.15
2228,11/24/10,0.16
2229,11/26/10,0.16
2230,11/29/10,0.18
2231,11/30/10,0.17
2232,12/01/10,0.16
2233,12/02/10,0.16
2234,12/03/10,0.14
2235,12/06/10,0.15
2236,12/07/10,0.14
2237,12/08/10,0.15
2238,12/09/10,0.14
2239,12/10/10,0.13
2240,12/13/10,0.15
2241,12/14/10,0.15
2242,12/15/10,0.14
2243,12/16/10,0.13
2244,12/17/10,0.11
2245,12/20/10,0.14
2246,12/21/10,0.14
2247,12/22/10,0.14
2248,12/23/10,0.14
2249,12/27/10,0.17
2250,12/28/10,0.15
2251,12/29/10,0.13
2252,12/30/10,0.12
2253,12/31/10,0.12
2254,01/03/11,0.15
2255,01/04/11,0.14
2256,01/05/11,0.14
2257,01/06/11,0.15
2258,01/07/11,0.14
2259,01/10/11,0.15
2260,01/11/11,0.15
2261,01/12/11,0.15
2262,01/13/11,0.15
2263,01/14/11,0.15
2264,01/18/11,0.16
2265,01/19/11,0.16
2266,01/20/11,0.16
2267,01/21/11,0.16
2268,01/24/11,0.16
2269,01/25/11,0.16
2270,01/26/11,0.16
2271,01/27/11,0.15
2272,01/28/11,0.15
2273,01/31/11,0.15
2274,02/01/11,0.15
2275,02/02/11,0.16
2276,02/03/11,0.14
2277,02/04/11,0.15
2278,02/07/11,0.16
2279,02/08/11,0.15
2280,02/09/11,0.14
2281,02/10/11,0.12
2282,02/11/11,0.12
2283,02/14/11,0.13
2284,02/15/11,0.13
2285,02/16/11,0.12
2286,02/17/11,0.09
2287,02/18/11,0.10
2288,02/22/11,0.12
2289,02/23/11,0.12
2290,02/24/11,0.13
2291,02/25/11,0.13
2292,02/28/11,0.15
2293,03/01/11,0.14
2294,03/02/11,0.13
2295,03/03/11,0.13
2296,03/04/11,0.12
2297,03/07/11,0.11
2298,03/08/11,0.11
2299,03/09/11,0.10
2300,03/10/11,0.08
2301,03/11/11,0.08
2302,03/14/11,0.09
2303,03/15/11,0.10
2304,03/16/11,0.10
2305,03/17/11,0.08
2306,03/18/11,0.07
2307,03/21/11,0.10
2308,03/22/11,0.10
2309,03/23/11,0.09
2310,03/24/11,0.09
2311,03/25/11,0.09
2312,03/28/11,0.11
2313,03/29/11,0.10
2314,03/30/11,0.10
2315,03/31/11,0.09
2316,04/01/11,0.07
2317,04/04/11,0.06
2318,04/05/11,0.07
2319,04/06/11,0.06
2320,04/07/11,0.04
2321,04/08/11,0.04
2322,04/11/11,0.05
2323,04/12/11,0.05
2324,04/13/11,0.06
2325,04/14/11,0.07
2326,04/15/11,0.07
2327,04/18/11,0.07
2328,04/19/11,0.06
2329,04/20/11,0.06
2330,04/21/11,0.06
2331,04/25/11,0.07
2332,04/26/11,0.07
2333,04/27/11,0.06
2334,04/28/11,0.04
2335,04/29/11,0.04
2336,05/02/11,0.05
2337,05/03/11,0.03
2338,05/04/11,0.03
2339,05/05/11,0.02
2340,05/06/11,0.02
2341,05/09/11,0.03
2342,05/10/11,0.03
2343,05/11/11,0.03
2344,05/12/11,0.02
2345,05/13/11,0.03
2346,05/16/11,0.04
2347,05/17/11,0.04
2348,05/18/11,0.05
2349,05/19/11,0.05
2350,05/20/11,0.05
2351,05/23/11,0.06
2352,05/24/11,0.06
2353,05/25/11,0.06
2354,05/26/11,0.05
2355,05/27/11,0.05
2356,05/31/11,0.06
2357,06/01/11,0.05
2358,06/02/11,0.04
2359,06/03/11,0.04
2360,06/06/11,0.05
2361,06/07/11,0.05
2362,06/08/11,0.04
2363,06/09/11,0.05
2364,06/10/11,0.05
2365,06/13/11,0.05
2366,06/14/11,0.05
2367,06/15/11,0.05
2368,06/16/11,0.05
2369,06/17/11,0.04
2370,06/20/11,0.03
2371,06/21/11,0.03
2372,06/22/11,0.02
2373,06/23/11,0.01
2374,06/24/11,0.02
2375,06/27/11,0.02
2376,06/28/11,0.03
2377,06/29/11,0.02
2378,06/30/11,0.03
2379,07/01/11,0.02
2380,07/05/11,0.02
2381,07/06/11,0.01
2382,07/07/11,0.03
2383,07/08/11,0.03
2384,07/11/11,0.03
2385,07/12/11,0.03
2386,07/13/11,0.01
2387,07/14/11,0.01
2388,07/15/11,0.02
2389,07/18/11,0.02
2390,07/19/11,0.03
2391,07/20/11,0.02
2392,07/21/11,0.05
2393,07/22/11,0.05
2394,07/25/11,0.05
2395,07/26/11,0.07
2396,07/27/11,0.08
2397,07/28/11,0.07
2398,07/29/11,0.10
2399,08/01/11,0.10
2400,08/02/11,0.06
2401,08/03/11,0.02
2402,08/04/11,0.02
2403,08/05/11,0.01
2404,08/08/11,0.05
2405,08/09/11,0.03
2406,08/10/11,0.02
2407,08/11/11,0.03
2408,08/12/11,0.02
2409,08/15/11,0.02
2410,08/16/11,0.03
2411,08/17/11,0.01
2412,08/18/11,0.01
2413,08/19/11,0.02
2414,08/22/11,0.01
2415,08/23/11,0.01
2416,08/24/11,0.02
2417,08/25/11,0.01
2418,08/26/11,0.01
2419,08/29/11,0.02
2420,08/30/11,0.01
2421,08/31/11,0.02
2422,09/01/11,0.02
2423,09/02/11,0.02
2424,09/06/11,0.02
2425,09/07/11,0.02
2426,09/08/11,0.02
2427,09/09/11,0.01
2428,09/12/11,0.01
2429,09/13/11,0.01
2430,09/14/11,0.01
2431,09/15/11,0.01
2432,09/16/11,0.01
2433,09/19/11,0.01
2434,09/20/11,0.01
2435,09/21/11,0.01
2436,09/22/11,0.00
2437,09/23/11,0.01
2438,09/26/11,0.02
2439,09/27/11,0.01
2440,09/28/11,0.02
2441,09/29/11,0.02
2442,09/30/11,0.02
2443,10/03/11,0.02
2444,10/04/11,0.01
2445,10/05/11,0.00
2446,10/06/11,0.01
2447,10/07/11,0.01
2448,10/11/11,0.02
2449,10/12/11,0.02
2450,10/13/11,0.02
2451,10/14/11,0.02
2452,10/17/11,0.04
2453,10/18/11,0.04
2454,10/19/11,0.03
2455,10/20/11,0.03
2456,10/21/11,0.02
2457,10/24/11,0.02
2458,10/25/11,0.01
2459,10/26/11,0.02
2460,10/27/11,0.02
2461,10/28/11,0.01
2462,10/31/11,0.01
2463,11/01/11,0.01
2464,11/02/11,0.01
2465,11/03/11,0.01
2466,11/04/11,0.01
2467,11/07/11,0.01
2468,11/08/11,0.01
2469,11/09/11,0.01
2470,11/10/11,0.01
2471,11/14/11,0.01
2472,11/15/11,0.01
2473,11/16/11,0.01
2474,11/17/11,0.02
2475,11/18/11,0.01
2476,11/21/11,0.02
2477,11/22/11,0.02
2478,11/23/11,0.02
2479,11/25/11,0.02
2480,11/28/11,0.03
2481,11/29/11,0.02
2482,11/30/11,0.01
2483,12/01/11,0.01
2484,12/02/11,0.02
2485,12/05/11,0.01
2486,12/06/11,0.01
2487,12/07/11,0.02
2488,12/08/11,0.01
2489,12/09/11,0.01
2490,12/12/11,0.01
2491,12/13/11,0.01
2492,12/14/11,0.01
2493,12/15/11,0.00
2494,12/16/11,0.00
2495,12/19/11,0.01
2496,12/20/11,0.01
2497,12/21/11,0.01
2498,12/22/11,0.01
2499,12/23/11,0.01
2500,12/27/11,0.02
2501,12/28/11,0.01
2502,12/29/11,0.02
2503,12/30/11,0.02
2504,01/03/12,0.02
2505,01/04/12,0.02
2506,01/05/12,0.02
2507,01/06/12,0.02
2508,01/09/12,0.01
2509,01/10/12,0.02
2510,01/11/12,0.02
2511,01/12/12,0.03
2512,01/13/12,0.03
2513,01/17/12,0.03
2514,01/18/12,0.03
2515,01/19/12,0.05
2516,01/20/12,0.05
2517,01/23/12,0.04
2518,01/24/12,0.04
2519,01/25/12,0.04
2520,01/26/12,0.05
2521,01/27/12,0.06
2522,01/30/12,0.05
2523,01/31/12,0.06
2524,02/01/12,0.06
2525,02/02/12,0.08
2526,02/03/12,0.08
2527,02/06/12,0.08
2528,02/07/12,0.08
2529,02/08/12,0.09
2530,02/09/12,0.09
2531,02/10/12,0.09
2532,02/13/12,0.11
2533,02/14/12,0.12
2534,02/15/12,0.11
2535,02/16/12,0.10
2536,02/17/12,0.09
2537,02/21/12,0.08
2538,02/22/12,0.09
2539,02/23/12,0.09
2540,02/24/12,0.10
2541,02/27/12,0.12
2542,02/28/12,0.10
2543,02/29/12,0.08
2544,03/01/12,0.08
2545,03/02/12,0.07
2546,03/05/12,0.08
2547,03/06/12,0.08
2548,03/07/12,0.08
2549,03/08/12,0.08
2550,03/09/12,0.09
2551,03/12/12,0.09
2552,03/13/12,0.08
2553,03/14/12,0.09
2554,03/15/12,0.08
2555,03/16/12,0.09
2556,03/19/12,0.10
2557,03/20/12,0.10
2558,03/21/12,0.09
2559,03/22/12,0.08
2560,03/23/12,0.08
2561,03/26/12,0.09
2562,03/27/12,0.09
2563,03/28/12,0.09
2564,03/29/12,0.07
2565,03/30/12,0.07
2566,04/02/12,0.08
2567,04/03/12,0.08
2568,04/04/12,0.08
2569,04/05/12,0.08
2570,04/06/12,0.07
2571,04/09/12,0.09
2572,04/10/12,0.09
2573,04/11/12,0.09
2574,04/12/12,0.09
2575,04/13/12,0.09
2576,04/16/12,0.08
2577,04/17/12,0.08
2578,04/18/12,0.07
2579,04/19/12,0.07
2580,04/20/12,0.08
2581,04/23/12,0.08
2582,04/24/12,0.09
2583,04/25/12,0.09
2584,04/26/12,0.09
2585,04/27/12,0.09
2586,04/30/12,0.10
2587,05/01/12,0.09
2588,05/02/12,0.08
2589,05/03/12,0.09
2590,05/04/12,0.07
2591,05/07/12,0.10
2592,05/08/12,0.09
2593,05/09/12,0.09
2594,05/10/12,0.10
2595,05/11/12,0.10
2596,05/14/12,0.10
2597,05/15/12,0.09
2598,05/16/12,0.10
2599,05/17/12,0.10
2600,05/18/12,0.08
2601,05/21/12,0.09
2602,05/22/12,0.09
2603,05/23/12,0.09
2604,05/24/12,0.10
2605,05/25/12,0.09
2606,05/29/12,0.09
2607,05/30/12,0.07
2608,05/31/12,0.07
2609,06/01/12,0.07
2610,06/04/12,0.08
2611,06/05/12,0.08
2612,06/06/12,0.09
2613,06/07/12,0.09
2614,06/08/12,0.09
2615,06/11/12,0.09
2616,06/12/12,0.10
2617,06/13/12,0.10
2618,06/14/12,0.11
2619,06/15/12,0.09
2620,06/18/12,0.10
2621,06/19/12,0.09
2622,06/20/12,0.09
2623,06/21/12,0.09
2624,06/22/12,0.09
2625,06/25/12,0.10
2626,06/26/12,0.10
2627,06/27/12,0.09
2628,06/28/12,0.09
2629,06/29/12,0.09
2630,07/02/12,0.10
2631,07/03/12,0.09
2632,07/05/12,0.08
2633,07/06/12,0.08
2634,07/09/12,0.09
2635,07/10/12,0.09
2636,07/11/12,0.10
2637,07/12/12,0.10
2638,07/13/12,0.10
2639,07/16/12,0.10
2640,07/17/12,0.10
2641,07/18/12,0.09
2642,07/19/12,0.09
2643,07/20/12,0.09
2644,07/23/12,0.10
2645,07/24/12,0.10
2646,07/25/12,0.10
2647,07/26/12,0.11
2648,07/27/12,0.11
2649,07/30/12,0.11
2650,07/31/12,0.11
2651,08/01/12,0.10
2652,08/02/12,0.09
2653,08/03/12,0.09
2654,08/06/12,0.10
2655,08/07/12,0.11
2656,08/08/12,0.11
2657,08/09/12,0.11
2658,08/10/12,0.10
2659,08/13/12,0.11
2660,08/14/12,0.11
2661,08/15/12,0.09
2662,08/16/12,0.09
2663,08/17/12,0.09
2664,08/20/12,0.11
2665,08/21/12,0.11
2666,08/22/12,0.11
2667,08/23/12,0.11
2668,08/24/12,0.10
2669,08/27/12,0.11
2670,08/28/12,0.10
2671,08/29/12,0.12
2672,08/30/12,0.10
2673,08/31/12,0.09
2674,09/04/12,0.10
2675,09/05/12,0.11
2676,09/06/12,0.11
2677,09/07/12,0.11
2678,09/10/12,0.10
2679,09/11/12,0.10
2680,09/12/12,0.10
2681,09/13/12,0.10
2682,09/14/12,0.11
2683,09/17/12,0.11
2684,09/18/12,0.10
2685,09/19/12,0.11
2686,09/20/12,0.11
2687,09/21/12,0.11
2688,09/24/12,0.11
2689,09/25/12,0.11
2690,09/26/12,0.11
2691,09/27/12,0.09
2692,09/28/12,0.10
2693,10/01/12,0.09
2694,10/02/12,0.09
2695,10/03/12,0.09
2696,10/04/12,0.10
2697,10/05/12,0.11
2698,10/09/12,0.10
2699,10/10/12,0.10
2700,10/11/12,0.10
2701,10/12/12,0.11
2702,10/15/12,0.11
2703,10/16/12,0.09
2704,10/17/12,0.11
2705,10/18/12,0.10
2706,10/19/12,0.10
2707,10/22/12,0.10
2708,10/23/12,0.11
2709,10/24/12,0.11
2710,10/25/12,0.11
2711,10/26/12,0.12
2712,10/29/12,0.14
2713,10/31/12,0.11
2714,11/01/12,0.09
2715,11/02/12,0.09
2716,11/05/12,0.11
2717,11/06/12,0.10
2718,11/07/12,0.10
2719,11/08/12,0.10
2720,11/09/12,0.09
2721,11/13/12,0.11
2722,11/14/12,0.10
2723,11/15/12,0.08
2724,11/16/12,0.06
2725,11/19/12,0.09
2726,11/20/12,0.08
2727,11/21/12,0.10
2728,11/23/12,0.10
2729,11/26/12,0.10
2730,11/27/12,0.10
2731,11/28/12,0.10
2732,11/29/12,0.09
2733,11/30/12,0.08
2734,12/03/12,0.10
2735,12/04/12,0.10
2736,12/05/12,0.10
2737,12/06/12,0.10
2738,12/07/12,0.09
2739,12/10/12,0.09
2740,12/11/12,0.08
2741,12/12/12,0.07
2742,12/13/12,0.06
2743,12/14/12,0.04
2744,12/17/12,0.05
2745,12/18/12,0.06
2746,12/19/12,0.05
2747,12/20/12,0.06
2748,12/21/12,0.06
2749,12/24/12,0.06
2750,12/26/12,0.09
2751,12/27/12,0.08
2752,12/28/12,0.01
2753,12/31/12,0.05
2754,01/02/13,0.08
2755,01/03/13,0.08
2756,01/04/13,0.07
2757,01/07/13,0.07
2758,01/08/13,0.07
2759,01/09/13,0.06
2760,01/10/13,0.06
2761,01/11/13,0.07
2762,01/14/13,0.08
2763,01/15/13,0.09
2764,01/16/13,0.08
2765,01/17/13,0.07
2766,01/18/13,0.08
2767,01/22/13,0.08
2768,01/23/13,0.08
2769,01/24/13,0.08
2770,01/25/13,0.08
2771,01/28/13,0.07
2772,01/29/13,0.07
2773,01/30/13,0.07
2774,01/31/13,0.07
2775,02/01/13,0.06
2776,02/04/13,0.07
2777,02/05/13,0.07
2778,02/06/13,0.07
2779,02/07/13,0.07
2780,02/08/13,0.07
2781,02/11/13,0.09
2782,02/12/13,0.09
2783,02/13/13,0.10
2784,02/14/13,0.11
2785,02/15/13,0.10
2786,02/19/13,0.12
2787,02/20/13,0.12
2788,02/21/13,0.13
2789,02/22/13,0.13
2790,02/25/13,0.12
2791,02/26/13,0.14
2792,02/27/13,0.11
2793,02/28/13,0.11
2794,03/01/13,0.11
2795,03/04/13,0.11
2796,03/05/13,0.08
2797,03/06/13,0.10
2798,03/07/13,0.10
2799,03/08/13,0.10
2800,03/11/13,0.10
2801,03/12/13,0.10
2802,03/13/13,0.09
2803,03/14/13,0.10
2804,03/15/13,0.09
2805,03/18/13,0.07
2806,03/19/13,0.07
2807,03/20/13,0.07
2808,03/21/13,0.07
2809,03/22/13,0.07
2810,03/25/13,0.08
2811,03/26/13,0.07
2812,03/27/13,0.09
2813,03/28/13,0.07
2814,04/01/13,0.08
2815,04/02/13,0.07
2816,04/03/13,0.06
2817,04/04/13,0.07
2818,04/05/13,0.07
2819,04/08/13,0.07
2820,04/09/13,0.06
2821,04/10/13,0.07
2822,04/11/13,0.07
2823,04/12/13,0.06
2824,04/15/13,0.06
2825,04/16/13,0.06
2826,04/17/13,0.06
2827,04/18/13,0.05
2828,04/19/13,0.05
2829,04/22/13,0.05
2830,04/23/13,0.05
2831,04/24/13,0.06
2832,04/25/13,0.05
2833,04/26/13,0.05
2834,04/29/13,0.05
2835,04/30/13,0.05
2836,05/01/13,0.06
2837,05/02/13,0.05
2838,05/03/13,0.05
2839,05/06/13,0.04
2840,05/07/13,0.04
2841,05/08/13,0.04
2842,05/09/13,0.04
2843,05/10/13,0.04
2844,05/13/13,0.05
2845,05/14/13,0.05
2846,05/15/13,0.04
2847,05/16/13,0.03
2848,05/17/13,0.04
2849,05/20/13,0.05
2850,05/21/13,0.04
2851,05/22/13,0.04
2852,05/23/13,0.05
2853,05/24/13,0.04
2854,05/28/13,0.05
2855,05/29/13,0.05
2856,05/30/13,0.04
2857,05/31/13,0.04
2858,06/03/13,0.05
2859,06/04/13,0.04
2860,06/05/13,0.05
2861,06/06/13,0.05
2862,06/07/13,0.04
2863,06/10/13,0.05
2864,06/11/13,0.05
2865,06/12/13,0.05
2866,06/13/13,0.05
2867,06/14/13,0.05
2868,06/17/13,0.05
2869,06/18/13,0.05
2870,06/19/13,0.05
2871,06/20/13,0.05
2872,06/21/13,0.05
2873,06/24/13,0.06
2874,06/25/13,0.06
2875,06/26/13,0.06
2876,06/27/13,0.06
2877,06/28/13,0.04
2878,07/01/13,0.04
2879,07/02/13,0.03
2880,07/03/13,0.05
2881,07/05/13,0.04
2882,07/08/13,0.05
2883,07/09/13,0.04
2884,07/10/13,0.04
2885,07/11/13,0.04
2886,07/12/13,0.04
2887,07/15/13,0.04
2888,07/16/13,0.03
2889,07/17/13,0.03
2890,07/18/13,0.03
2891,07/19/13,0.03
2892,07/22/13,0.04
2893,07/23/13,0.02
2894,07/24/13,0.03
2895,07/25/13,0.02
2896,07/26/13,0.03
2897,07/29/13,0.03
2898,07/30/13,0.04
2899,07/31/13,0.04
2900,08/01/13,0.04
2901,08/02/13,0.04
2902,08/05/13,0.05
2903,08/06/13,0.04
2904,08/07/13,0.05
2905,08/08/13,0.05
2906,08/09/13,0.05
2907,08/12/13,0.06
2908,08/13/13,0.06
2909,08/14/13,0.05
2910,08/15/13,0.05
2911,08/16/13,0.05
2912,08/19/13,0.06
2913,08/20/13,0.04
2914,08/21/13,0.04
2915,08/22/13,0.03
2916,08/23/13,0.03
2917,08/26/13,0.04
2918,08/27/13,0.05
2919,08/28/13,0.03
2920,08/29/13,0.02
2921,08/30/13,0.03
2922,09/03/13,0.02
2923,09/04/13,0.02
2924,09/05/13,0.02
2925,09/06/13,0.02
2926,09/09/13,0.02
2927,09/10/13,0.02
2928,09/11/13,0.02
2929,09/12/13,0.01
2930,09/13/13,0.01
2931,09/16/13,0.02
2932,09/17/13,0.01
2933,09/18/13,0.01
2934,09/19/13,0.01
2935,09/20/13,0.01
2936,09/23/13,0.02
2937,09/24/13,0.02
2938,09/25/13,0.02
2939,09/26/13,0.00
2940,09/27/13,0.02
2941,09/30/13,0.02
2942,10/01/13,0.02
2943,10/02/13,0.02
2944,10/03/13,0.03
2945,10/04/13,0.03
2946,10/07/13,0.03
2947,10/08/13,0.05
2948,10/09/13,0.05
2949,10/10/13,0.05
2950,10/11/13,0.08
2951,10/15/13,0.14
2952,10/16/13,0.10
2953,10/17/13,0.05
2954,10/18/13,0.04
2955,10/21/13,0.04
2956,10/22/13,0.04
2957,10/23/13,0.04
2958,10/24/13,0.03
2959,10/25/13,0.04
2960,10/28/13,0.04
2961,10/29/13,0.04
2962,10/30/13,0.04
2963,10/31/13,0.04
2964,11/01/13,0.04
2965,11/04/13,0.05
2966,11/05/13,0.05
2967,11/06/13,0.05
2968,11/07/13,0.05
2969,11/08/13,0.06
2970,11/12/13,0.08
2971,11/13/13,0.08
2972,11/14/13,0.08
2973,11/15/13,0.08
2974,11/18/13,0.09
2975,11/19/13,0.08
2976,11/20/13,0.08
2977,11/21/13,0.07
2978,11/22/13,0.07
2979,11/25/13,0.08
2980,11/26/13,0.07
2981,11/27/13,0.07
2982,11/29/13,0.06
2983,12/02/13,0.05
2984,12/03/13,0.06
2985,12/04/13,0.06
2986,12/05/13,0.06
2987,12/06/13,0.06
2988,12/09/13,0.07
2989,12/10/13,0.07
2990,12/11/13,0.07
2991,12/12/13,0.07
2992,12/13/13,0.07
2993,12/16/13,0.07
2994,12/17/13,0.07
2995,12/18/13,0.07
2996,12/19/13,0.06
2997,12/20/13,0.07
2998,12/23/13,0.07
2999,12/24/13,0.07
3000,12/26/13,0.07
3001,12/27/13,0.07
3002,12/30/13,0.07
3003,12/31/13,0.07
3004,01/02/14,0.07
3005,01/03/14,0.07
3006,01/06/14,0.05
3007,01/07/14,0.04
3008,01/08/14,0.05
3009,01/09/14,0.04
3010,01/10/14,0.05
3011,01/13/14,0.03
3012,01/14/14,0.04
3013,01/15/14,0.04
3014,01/16/14,0.04
3015,01/17/14,0.05
3016,01/21/14,0.04
3017,01/22/14,0.04
3018,01/23/14,0.04
3019,01/24/14,0.04
3020,01/27/14,0.05
3021,01/28/14,0.05
3022,01/29/14,0.04
3023,01/30/14,0.02
3024,01/31/14,0.02
3025,02/03/14,0.05
3026,02/04/14,0.06
3027,02/05/14,0.07
3028,02/06/14,0.07
3029,02/07/14,0.08
3030,02/10/14,0.07
3031,02/11/14,0.05
3032,02/12/14,0.05
3033,02/13/14,0.03
3034,02/14/14,0.02
3035,02/18/14,0.05
3036,02/19/14,0.06
3037,02/20/14,0.05
3038,02/21/14,0.05
3039,02/24/14,0.05
3040,02/25/14,0.05
3041,02/26/14,0.05
3042,02/27/14,0.04
3043,02/28/14,0.05
3044,03/03/14,0.05
3045,03/04/14,0.05
3046,03/05/14,0.06
3047,03/06/14,0.05
3048,03/07/14,0.06
3049,03/10/14,0.05
3050,03/11/14,0.05
3051,03/12/14,0.05
3052,03/13/14,0.05
3053,03/14/14,0.05
3054,03/17/14,0.06
3055,03/18/14,0.05
3056,03/19/14,0.06
3057,03/20/14,0.06
3058,03/21/14,0.06
3059,03/24/14,0.06
3060,03/25/14,0.05
3061,03/26/14,0.05
3062,03/27/14,0.04
3063,03/28/14,0.04
3064,03/31/14,0.05
3065,04/01/14,0.04
3066,04/02/14,0.02
3067,04/03/14,0.02
3068,04/04/14,0.03
3069,04/07/14,0.03
3070,04/08/14,0.03
3071,04/09/14,0.04
3072,04/10/14,0.04
3073,04/11/14,0.04
3074,04/14/14,0.04
3075,04/15/14,0.04
3076,04/16/14,0.04
3077,04/17/14,0.03
3078,04/21/14,0.04
3079,04/22/14,0.03
3080,04/23/14,0.02
3081,04/24/14,0.01
3082,04/25/14,0.03
3083,04/28/14,0.03
3084,04/29/14,0.02
3085,04/30/14,0.03
3086,05/01/14,0.03
3087,05/02/14,0.02
3088,05/05/14,0.03
3089,05/06/14,0.03
3090,05/07/14,0.03
3091,05/08/14,0.03
3092,05/09/14,0.03
3093,05/12/14,0.03
3094,05/13/14,0.03
3095,05/14/14,0.03
3096,05/15/14,0.03
3097,05/16/14,0.03
3098,05/19/14,0.03
3099,05/20/14,0.03
3100,05/21/14,0.04
3101,05/22/14,0.03
3102,05/23/14,0.04
3103,05/27/14,0.04
3104,05/28/14,0.04
3105,05/29/14,0.04
3106,05/30/14,0.04
3107,06/02/14,0.04
3108,06/03/14,0.04
3109,06/04/14,0.04
3110,06/05/14,0.04
3111,06/06/14,0.04
3112,06/09/14,0.04
3113,06/10/14,0.04
3114,06/11/14,0.04
3115,06/12/14,0.04
3116,06/13/14,0.04
3117,06/16/14,0.04
3118,06/17/14,0.04
3119,06/18/14,0.03
3120,06/19/14,0.02
3121,06/20/14,0.02
3122,06/23/14,0.03
3123,06/24/14,0.03
3124,06/25/14,0.03
3125,06/26/14,0.04
3126,06/27/14,0.03
3127,06/30/14,0.04
3128,07/01/14,0.02
3129,07/02/14,0.02
3130,07/03/14,0.01
3131,07/07/14,0.04
3132,07/08/14,0.03
3133,07/09/14,0.03
3134,07/10/14,0.02
3135,07/11/14,0.02
3136,07/14/14,0.03
3137,07/15/14,0.02
3138,07/16/14,0.02
3139,07/17/14,0.02
3140,07/18/14,0.02
3141,07/21/14,0.03
3142,07/22/14,0.03
3143,07/23/14,0.03
3144,07/24/14,0.03
3145,07/25/14,0.03
3146,07/28/14,0.04
3147,07/29/14,0.02
3148,07/30/14,0.04
3149,07/31/14,0.03
3150,08/01/14,0.03
3151,08/04/14,0.04
3152,08/05/14,0.03
3153,08/06/14,0.03
3154,08/07/14,0.03
3155,08/08/14,0.03
3156,08/11/14,0.04
3157,08/12/14,0.03
3158,08/13/14,0.04
3159,08/14/14,0.04
3160,08/15/14,0.03
3161,08/18/14,0.03
3162,08/19/14,0.03
3163,08/20/14,0.04
3164,08/21/14,0.02
3165,08/22/14,0.03
3166,08/25/14,0.04
3167,08/26/14,0.03
3168,08/27/14,0.04
3169,08/28/14,0.03
3170,08/29/14,0.03
3171,09/02/14,0.03
3172,09/03/14,0.03
3173,09/04/14,0.03
3174,09/05/14,0.03
3175,09/08/14,0.02
3176,09/09/14,0.02
3177,09/10/14,0.02
3178,09/11/14,0.02
3179,09/12/14,0.02
3180,09/15/14,0.02
3181,09/16/14,0.02
3182,09/17/14,0.02
3183,09/18/14,0.02
3184,09/19/14,0.02
3185,09/22/14,0.01
3186,09/23/14,0.01
3187,09/24/14,0.02
3188,09/25/14,0.01
3189,09/26/14,0.01
3190,09/29/14,0.02
3191,09/30/14,0.02
3192,10/01/14,0.02
3193,10/02/14,0.01
3194,10/03/14,0.01
3195,10/06/14,0.02
3196,10/07/14,0.02
3197,10/08/14,0.01
3198,10/09/14,0.01
3199,10/10/14,0.01
3200,10/14/14,0.02
3201,10/15/14,0.02
3202,10/16/14,0.03
3203,10/17/14,0.02
3204,10/20/14,0.02
3205,10/21/14,0.02
3206,10/22/14,0.02
3207,10/23/14,0.01
3208,10/24/14,0.01
3209,10/27/14,0.02
3210,10/28/14,0.02
3211,10/29/14,0.03
3212,10/30/14,0.01
3213,10/31/14,0.01
3214,11/03/14,0.02
3215,11/04/14,0.03
3216,11/05/14,0.03
3217,11/06/14,0.03
3218,11/07/14,0.03
3219,11/10/14,0.02
3220,11/12/14,0.02
3221,11/13/14,0.02
3222,11/14/14,0.02
3223,11/17/14,0.03
3224,11/18/14,0.02
3225,11/19/14,0.01
3226,11/20/14,0.02
3227,11/21/14,0.01
3228,11/24/14,0.02
3229,11/25/14,0.02
3230,11/26/14,0.02
3231,11/28/14,0.02
3232,12/01/14,0.03
3233,12/02/14,0.03
3234,12/03/14,0.01
3235,12/04/14,0.02
3236,12/05/14,0.02
3237,12/08/14,0.03
3238,12/09/14,0.04
3239,12/10/14,0.03
3240,12/11/14,0.03
3241,12/12/14,0.02
3242,12/15/14,0.04
3243,12/16/14,0.03
3244,12/17/14,0.03
3245,12/18/14,0.04
3246,12/19/14,0.04
3247,12/22/14,0.05
3248,12/23/14,0.03
3249,12/24/14,0.01
3250,12/26/14,0.01
3251,12/29/14,0.03
3252,12/30/14,0.03
3253,12/31/14,0.04
3254,01/02/15,0.02
3255,01/05/15,0.03
3256,01/06/15,0.03
3257,01/07/15,0.03
3258,01/08/15,0.03
3259,01/09/15,0.02
3260,01/12/15,0.03
3261,01/13/15,0.03
3262,01/14/15,0.04
3263,01/15/15,0.03
3264,01/16/15,0.03
3265,01/20/15,0.03
3266,01/21/15,0.03
3267,01/22/15,0.03
3268,01/23/15,0.02
3269,01/26/15,0.03
3270,01/27/15,0.02
3271,01/28/15,0.02
3272,01/29/15,0.03
3273,01/30/15,0.02
3274,02/02/15,0.02
3275,02/03/15,0.02
3276,02/04/15,0.01
3277,02/05/15,0.02
3278,02/06/15,0.02
3279,02/09/15,0.01
3280,02/10/15,0.01
3281,02/11/15,0.01
3282,02/12/15,0.02
3283,02/13/15,0.01
3284,02/17/15,0.02
3285,02/18/15,0.02
3286,02/19/15,0.02
3287,02/20/15,0.02
3288,02/23/15,0.02
3289,02/24/15,0.02
3290,02/25/15,0.02
3291,02/26/15,0.03
3292,02/27/15,0.02
3293,03/02/15,0.02
3294,03/03/15,0.02
3295,03/04/15,0.01
3296,03/05/15,0.02
3297,03/06/15,0.01
3298,03/09/15,0.02
3299,03/10/15,0.02
3300,03/11/15,0.03
3301,03/12/15,0.03
3302,03/13/15,0.03
3303,03/16/15,0.05
3304,03/17/15,0.05
3305,03/18/15,0.03
3306,03/19/15,0.03
3307,03/20/15,0.01
3308,03/23/15,0.03
3309,03/24/15,0.02
3310,03/25/15,0.04
3311,03/26/15,0.03
3312,03/27/15,0.04
3313,03/30/15,0.04
3314,03/31/15,0.03
3315,04/01/15,0.03
3316,04/02/15,0.02
3317,04/03/15,0.02
3318,04/06/15,0.03
3319,04/07/15,0.02
3320,04/08/15,0.03
3321,04/09/15,0.03
3322,04/10/15,0.02
3323,04/13/15,0.03
3324,04/14/15,0.02
3325,04/15/15,0.02
3326,04/16/15,0.02
3327,04/17/15,0.01
3328,04/20/15,0.03
3329,04/21/15,0.03
3330,04/22/15,0.03
3331,04/23/15,0.03
3332,04/24/15,0.03
3333,04/27/15,0.02
3334,04/28/15,0.02
3335,04/29/15,0.01
3336,04/30/15,0.01
3337,05/01/15,0.01
3338,05/04/15,0.02
3339,05/05/15,0.01
3340,05/06/15,0.02
3341,05/07/15,0.01
3342,05/08/15,0.01
3343,05/11/15,0.02
3344,05/12/15,0.03
3345,05/13/15,0.02
3346,05/14/15,0.01
3347,05/15/15,0.02
3348,05/18/15,0.02
3349,05/19/15,0.02
3350,05/20/15,0.02
3351,05/21/15,0.02
3352,05/22/15,0.02
3353,05/26/15,0.02
3354,05/27/15,0.01
3355,05/28/15,0.01
3356,05/29/15,0.01
3357,06/01/15,0.02
3358,06/02/15,0.01
3359,06/03/15,0.02
3360,06/04/15,0.02
3361,06/05/15,0.03
3362,06/08/15,0.02
3363,06/09/15,0.02
3364,06/10/15,0.02
3365,06/11/15,0.01
3366,06/12/15,0.02
3367,06/15/15,0.02
3368,06/16/15,0.01
3369,06/17/15,0.01
3370,06/18/15,0.01
3371,06/19/15,0.01
3372,06/22/15,0.01
3373,06/23/15,0.01
3374,06/24/15,0.01
3375,06/25/15,0.01
3376,06/26/15,0.01
3377,06/29/15,0.02
3378,06/30/15,0.01
3379,07/01/15,0.01
3380,07/02/15,0.01
3381,07/06/15,0.02
3382,07/07/15,0.02
3383,07/08/15,0.02
3384,07/09/15,0.03
3385,07/10/15,0.01
3386,07/13/15,0.02
3387,07/14/15,0.01
3388,07/15/15,0.02
3389,07/16/15,0.02
3390,07/17/15,0.03
3391,07/20/15,0.04
3392,07/21/15,0.03
3393,07/22/15,0.04
3394,07/23/15,0.03
3395,07/24/15,0.04
3396,07/27/15,0.05
3397,07/28/15,0.05
3398,07/29/15,0.06
3399,07/30/15,0.07
3400,07/31/15,0.08
3401,08/03/15,0.08
3402,08/04/15,0.08
3403,08/05/15,0.08
3404,08/06/15,0.04
3405,08/07/15,0.06
3406,08/10/15,0.12
3407,08/11/15,0.10
3408,08/12/15,0.10
3409,08/13/15,0.10
3410,08/14/15,0.09
3411,08/17/15,0.10
3412,08/18/15,0.07
3413,08/19/15,0.05
3414,08/20/15,0.02
3415,08/21/15,0.03
3416,08/24/15,0.06
3417,08/25/15,0.07
3418,08/26/15,0.06
3419,08/27/15,0.06
3420,08/28/15,0.06
3421,08/31/15,0.08
3422,09/01/15,0.03
3423,09/02/15,0.03
3424,09/03/15,0.02
3425,09/04/15,0.02
3426,09/08/15,0.06
3427,09/09/15,0.03
3428,09/10/15,0.02
3429,09/11/15,0.04
3430,09/14/15,0.07
3431,09/15/15,0.07
3432,09/16/15,0.06
3433,09/17/15,0.01
3434,09/18/15,-0.01
3435,09/21/15,0.01
3436,09/22/15,-0.01
3437,09/23/15,0.01
3438,09/24/15,0.01
3439,09/25/15,-0.01
3440,09/28/15,0.01
3441,09/29/15,0.01
3442,09/30/15,-0.01
3443,10/01/15,-0.02
3444,10/02/15,0.00
3445,10/05/15,0.01
3446,10/06/15,0.00
3447,10/07/15,0.00
3448,10/08/15,-0.01
3449,10/09/15,0.01
3450,10/13/15,0.01
3451,10/14/15,0.00
3452,10/15/15,0.01
3453,10/16/15,0.01
3454,10/19/15,0.02
3455,10/20/15,0.02
3456,10/21/15,0.01
3457,10/22/15,0.00
3458,10/23/15,0.01
3459,10/26/15,0.02
3460,10/27/15,0.03
3461,10/28/15,0.04
3462,10/29/15,0.07
3463,10/30/15,0.08
3464,11/02/15,0.08
3465,11/03/15,0.06
3466,11/04/15,0.05
3467,11/05/15,0.05
3468,11/06/15,0.08
3469,11/09/15,0.14
3470,11/10/15,0.13
3471,11/12/15,0.14
3472,11/13/15,0.13
3473,11/16/15,0.15
3474,11/17/15,0.14
3475,11/18/15,0.12
3476,11/19/15,0.11
3477,11/20/15,0.11
3478,11/23/15,0.14
3479,11/24/15,0.16
3480,11/25/15,0.19
3481,11/27/15,0.17
3482,11/30/15,0.22
3483,12/01/15,0.21
3484,12/02/15,0.21
3485,12/03/15,0.21
3486,12/04/15,0.22
3487,12/07/15,0.30
3488,12/08/15,0.27
3489,12/09/15,0.26
3490,12/10/15,0.24
3491,12/11/15,0.22
3492,12/14/15,0.26
3493,12/15/15,0.25
3494,12/16/15,0.27
3495,12/17/15,0.23
3496,12/18/15,0.19
3497,12/21/15,0.24
3498,12/22/15,0.21
3499,12/23/15,0.20
3500,12/24/15,0.20
3501,12/28/15,0.23
3502,12/29/15,0.23
3503,12/30/15,0.21
3504,12/31/15,0.16
3505,01/04/16,0.22
3506,01/05/16,0.20
3507,01/06/16,0.21
3508,01/07/16,0.20
3509,01/08/16,0.20
3510,01/11/16,0.21
3511,01/12/16,0.21
3512,01/13/16,0.22
3513,01/14/16,0.25
3514,01/15/16,0.23
3515,01/19/16,0.26
3516,01/20/16,0.26
3517,01/21/16,0.28
3518,01/22/16,0.31
3519,01/25/16,0.32
3520,01/26/16,0.32
3521,01/27/16,0.33
3522,01/28/16,0.35
3523,01/29/16,0.33
3524,02/01/16,0.36
3525,02/02/16,0.35
3526,02/03/16,0.34
3527,02/04/16,0.30
3528,02/05/16,0.30
3529,02/08/16,0.33
3530,02/09/16,0.31
3531,02/10/16,0.32
3532,02/11/16,0.28
3533,02/12/16,0.30
3534,02/16/16,0.31
3535,02/17/16,0.31
3536,02/18/16,0.31
3537,02/19/16,0.31
3538,02/22/16,0.34
3539,02/23/16,0.33
3540,02/24/16,0.34
3541,02/25/16,0.33
3542,02/26/16,0.33
3543,02/29/16,0.33
3544,03/01/16,0.33
3545,03/02/16,0.36
3546,03/03/16,0.27
3547,03/04/16,0.28
3548,03/07/16,0.32
3549,03/08/16,0.29
3550,03/09/16,0.30
3551,03/10/16,0.31
3552,03/11/16,0.32
3553,03/14/16,0.35
3554,03/15/16,0.35
3555,03/16/16,0.31
3556,03/17/16,0.29
3557,03/18/16,0.29
3558,03/21/16,0.31
3559,03/22/16,0.30
3560,03/23/16,0.30
3561,03/24/16,0.29
3562,03/28/16,0.29
3563,03/29/16,0.23
3564,03/30/16,0.20
3565,03/31/16,0.21
3566,04/01/16,0.23
3567,04/04/16,0.23
3568,04/05/16,0.23
3569,04/06/16,0.23
3570,04/07/16,0.23
3571,04/08/16,0.23
3572,04/11/16,0.23
3573,04/12/16,0.22
3574,04/13/16,0.23
3575,04/14/16,0.22
3576,04/15/16,0.22
3577,04/18/16,0.22
3578,04/19/16,0.21
3579,04/20/16,0.23
3580,04/21/16,0.23
3581,04/22/16,0.23
3582,04/25/16,0.25
3583,04/26/16,0.24
3584,04/27/16,0.24
3585,04/28/16,0.22
3586,04/29/16,0.22
3587,05/02/16,0.22
3588,05/03/16,0.21
3589,05/04/16,0.19
3590,05/05/16,0.20
3591,05/06/16,0.19
3592,05/09/16,0.24
3593,05/10/16,0.24
3594,05/11/16,0.26
3595,05/12/16,0.27
3596,05/13/16,0.28
3597,05/16/16,0.28
3598,05/17/16,0.28
3599,05/18/16,0.30
3600,05/19/16,0.30
3601,05/20/16,0.32
3602,05/23/16,0.36
3603,05/24/16,0.36
3604,05/25/16,0.33
3605,05/26/16,0.30
3606,05/27/16,0.31
3607,05/31/16,0.35
3608,06/01/16,0.30
3609,06/02/16,0.28
3610,06/03/16,0.29
3611,06/06/16,0.28
3612,06/07/16,0.28
3613,06/08/16,0.24
3614,06/09/16,0.25
3615,06/10/16,0.25
3616,06/13/16,0.27
3617,06/14/16,0.27
3618,06/15/16,0.26
3619,06/16/16,0.27
3620,06/17/16,0.26
3621,06/20/16,0.28
3622,06/21/16,0.27
3623,06/22/16,0.27
3624,06/23/16,0.30
3625,06/24/16,0.26
3626,06/27/16,0.27
3627,06/28/16,0.26
3628,06/29/16,0.26
3629,06/30/16,0.26
3630,07/01/16,0.27
3631,07/05/16,0.28
3632,07/06/16,0.27
3633,07/07/16,0.29
3634,07/08/16,0.27
3635,07/11/16,0.31
3636,07/12/16,0.29
3637,07/13/16,0.31
3638,07/14/16,0.31
3639,07/15/16,0.31
3640,07/18/16,0.32
3641,07/19/16,0.31
3642,07/20/16,0.32
3643,07/21/16,0.31
3644,07/22/16,0.32
3645,07/25/16,0.32
3646,07/26/16,0.31
3647,07/27/16,0.31
3648,07/28/16,0.25
3649,07/29/16,0.27
3650,08/01/16,0.29
3651,08/02/16,0.29
3652,08/03/16,0.28
3653,08/04/16,0.26
3654,08/05/16,0.27
3655,08/08/16,0.31
3656,08/09/16,0.29
3657,08/10/16,0.28
3658,08/11/16,0.28
3659,08/12/16,0.28
3660,08/15/16,0.31
3661,08/16/16,0.27
3662,08/17/16,0.30
3663,08/18/16,0.29
3664,08/19/16,0.29
3665,08/22/16,0.29
3666,08/23/16,0.30
3667,08/24/16,0.31
3668,08/25/16,0.33
3669,08/26/16,0.33
3670,08/29/16,0.33
3671,08/30/16,0.33
3672,08/31/16,0.33
3673,09/01/16,0.33
3674,09/02/16,0.32
3675,09/06/16,0.32
3676,09/07/16,0.35
3677,09/08/16,0.35
3678,09/09/16,0.35
3679,09/12/16,0.38
3680,09/13/16,0.37
3681,09/14/16,0.33
3682,09/15/16,0.29
3683,09/16/16,0.29
3684,09/19/16,0.30
3685,09/20/16,0.30
3686,09/21/16,0.22
3687,09/22/16,0.18
3688,09/23/16,0.18
3689,09/26/16,0.25
3690,09/27/16,0.26
3691,09/28/16,0.27
3692,09/29/16,0.26
3693,09/30/16,0.28
3694,10/03/16,0.32
3695,10/04/16,0.33
3696,10/05/16,0.32
3697,10/06/16,0.32
3698,10/07/16,0.32
3699,10/11/16,0.36
3700,10/12/16,0.37
3701,10/13/16,0.29
3702,10/14/16,0.31
3703,10/17/16,0.35
3704,10/18/16,0.35
3705,10/19/16,0.35
3706,10/20/16,0.35
3707,10/21/16,0.33
3708,10/24/16,0.33
3709,10/25/16,0.35
3710,10/26/16,0.33
3711,10/27/16,0.29
3712,10/28/16,0.29
3713,10/31/16,0.35
3714,11/01/16,0.36
3715,11/02/16,0.37
3716,11/03/16,0.38
3717,11/04/16,0.38
3718,11/07/16,0.42
3719,11/08/16,0.44
3720,11/09/16,0.45
3721,11/10/16,0.48
3722,11/14/16,0.55
3723,11/15/16,0.51
3724,11/16/16,0.47
3725,11/17/16,0.44
3726,11/18/16,0.44
3727,11/21/16,0.47
3728,11/22/16,0.49
3729,11/23/16,0.51
3730,11/25/16,0.49
3731,11/28/16,0.49
3732,11/29/16,0.49
3733,11/30/16,0.49
3734,12/01/16,0.48
3735,12/02/16,0.49
3736,12/05/16,0.50
3737,12/06/16,0.50
3738,12/07/16,0.52
3739,12/08/16,0.51
3740,12/09/16,0.54
3741,12/12/16,0.52
3742,12/13/16,0.55
3743,12/14/16,0.55
3744,12/15/16,0.51
3745,12/16/16,0.51
3746,12/19/16,0.53
3747,12/20/16,0.53
3748,12/21/16,0.52
3749,12/22/16,0.51
3750,12/23/16,0.52
3751,12/27/16,0.52
3752,12/28/16,0.53
3753,12/29/16,0.47
3754,12/30/16,0.51
3755,01/03/17,0.54
3756,01/04/17,0.53
3757,01/05/17,0.52
3758,01/06/17,0.53
3759,01/09/17,0.51
3760,01/10/17,0.52
3761,01/11/17,0.52
3762,01/12/17,0.52
3763,01/13/17,0.53
3764,01/17/17,0.55
3765,01/18/17,0.53
3766,01/19/17,0.52
3767,01/20/17,0.50
3768,01/23/17,0.52
3769,01/24/17,0.51
3770,01/25/17,0.50
3771,01/26/17,0.51
3772,01/27/17,0.52
3773,01/30/17,0.52
3774,01/31/17,0.53
3775,02/01/17,0.51
3776,02/02/17,0.52
3777,02/03/17,0.51
3778,02/06/17,0.54
3779,02/07/17,0.54
3780,02/08/17,0.54
3781,02/09/17,0.54
3782,02/10/17,0.55
3783,02/13/17,0.53
3784,02/14/17,0.55
3785,02/15/17,0.54
3786,02/16/17,0.53
3787,02/17/17,0.53
3788,02/21/17,0.54
3789,02/22/17,0.53
3790,02/23/17,0.52
3791,02/24/17,0.52
3792,02/27/17,0.51
3793,02/28/17,0.54
3794,03/01/17,0.63
3795,03/02/17,0.67
3796,03/03/17,0.71
3797,03/06/17,0.74
3798,03/07/17,0.76
3799,03/08/17,0.73
3800,03/09/17,0.73
3801,03/10/17,0.74
3802,03/13/17,0.79
3803,03/14/17,0.78
3804,03/15/17,0.73
3805,03/16/17,0.73
3806,03/17/17,0.73
3807,03/20/17,0.76
3808,03/21/17,0.77
3809,03/22/17,0.77
3810,03/23/17,0.76
3811,03/24/17,0.78
3812,03/27/17,0.78
3813,03/28/17,0.78
3814,03/29/17,0.78
3815,03/30/17,0.78
3816,03/31/17,0.76
3817,04/03/17,0.79
3818,04/04/17,0.79
3819,04/05/17,0.80
3820,04/06/17,0.79
3821,04/07/17,0.82
3822,04/10/17,0.82
3823,04/11/17,0.82
3824,04/12/17,0.81
3825,04/13/17,0.81
3826,04/17/17,0.83
3827,04/18/17,0.82
3828,04/19/17,0.81
3829,04/20/17,0.79
3830,04/21/17,0.79
3831,04/24/17,0.81
3832,04/25/17,0.82
3833,04/26/17,0.83
3834,04/27/17,0.81
3835,04/28/17,0.80
3836,05/01/17,0.83
3837,05/02/17,0.82
3838,05/03/17,0.85
3839,05/04/17,0.85
3840,05/05/17,0.89
3841,05/08/17,0.91
3842,05/09/17,0.91
3843,05/10/17,0.90
3844,05/11/17,0.88
3845,05/12/17,0.87
3846,05/15/17,0.90
3847,05/16/17,0.90
3848,05/17/17,0.90
3849,05/18/17,0.92
3850,05/19/17,0.91
3851,05/22/17,0.93
3852,05/23/17,0.92
3853,05/24/17,0.93
3854,05/25/17,0.93
3855,05/26/17,0.93
3856,05/30/17,0.93
3857,05/31/17,0.98
3858,06/01/17,0.98
3859,06/02/17,0.98
3860,06/05/17,0.97
3861,06/06/17,0.98
3862,06/07/17,1.00
3863,06/08/17,1.01
3864,06/09/17,1.01
3865,06/12/17,0.99
3866,06/13/17,1.01
3867,06/14/17,1.01
3868,06/15/17,1.02
3869,06/16/17,1.03
3870,06/19/17,1.03
3871,06/20/17,1.02
3872,06/21/17,0.99
3873,06/22/17,0.96
3874,06/23/17,0.97
3875,06/26/17,1.00
3876,06/27/17,1.01
3877,06/28/17,1.02
3878,06/29/17,1.04
3879,06/30/17,1.03
3880,07/03/17,1.06
3881,07/05/17,1.05
3882,07/06/17,1.04
3883,07/07/17,1.05
3884,07/10/17,1.05
3885,07/11/17,1.05
3886,07/12/17,1.05
3887,07/13/17,1.05
3888,07/14/17,1.04
3889,07/17/17,1.07
3890,07/18/17,1.07
3891,07/19/17,1.11
3892,07/20/17,1.15
3893,07/21/17,1.16
3894,07/24/17,1.17
3895,07/25/17,1.18
3896,07/26/17,1.13
3897,07/27/17,1.11
3898,07/28/17,1.08
3899,07/31/17,1.07
3900,08/01/17,1.08
3901,08/02/17,1.08
3902,08/03/17,1.08
3903,08/04/17,1.08
3904,08/07/17,1.03
3905,08/08/17,1.06
3906,08/09/17,1.06
3907,08/10/17,1.05
3908,08/11/17,1.03
3909,08/14/17,1.03
3910,08/15/17,1.04
3911,08/16/17,1.02
3912,08/17/17,1.00
3913,08/18/17,1.02
3914,08/21/17,1.01
3915,08/22/17,1.01
3916,08/23/17,1.00
3917,08/24/17,1.02
3918,08/25/17,1.03
3919,08/28/17,0.99
3920,08/29/17,1.03
3921,08/30/17,1.03
3922,08/31/17,1.01
3923,09/01/17,1.02
3924,09/05/17,1.03
3925,09/06/17,1.07
3926,09/07/17,1.05
3927,09/08/17,1.04
3928,09/11/17,1.06
3929,09/12/17,1.04
3930,09/13/17,1.04
3931,09/14/17,1.05
3932,09/15/17,1.05
3933,09/18/17,1.06
3934,09/19/17,1.05
3935,09/20/17,1.04
3936,09/21/17,1.04
3937,09/22/17,1.03
3938,09/25/17,1.06
3939,09/26/17,1.07
3940,09/27/17,1.07
3941,09/28/17,1.06
3942,09/29/17,1.06
3943,10/02/17,1.02
3944,10/03/17,1.07
3945,10/04/17,1.08
3946,10/05/17,1.07
3947,10/06/17,1.07
3948,10/10/17,1.08
3949,10/11/17,1.10
3950,10/12/17,1.09
3951,10/13/17,1.09
3952,10/16/17,1.11
3953,10/17/17,1.09
3954,10/18/17,1.09
3955,10/19/17,1.10
3956,10/20/17,1.11
3957,10/23/17,1.10
3958,10/24/17,1.12
3959,10/25/17,1.12
3960,10/26/17,1.11
3961,10/27/17,1.10
3962,10/30/17,1.12
3963,10/31/17,1.15
3964,11/01/17,1.18
3965,11/02/17,1.17
3966,11/03/17,1.18
3967,11/06/17,1.19
3968,11/07/17,1.22
3969,11/08/17,1.23
3970,11/09/17,1.24
3971,11/10/17,1.23
3972,11/13/17,1.24
3973,11/14/17,1.26
3974,11/15/17,1.25
3975,11/16/17,1.27
3976,11/17/17,1.28
3977,11/20/17,1.30
3978,11/21/17,1.30
3979,11/22/17,1.29
3980,11/24/17,1.28
3981,11/27/17,1.27
3982,11/28/17,1.30
3983,11/29/17,1.29
3984,11/30/17,1.27
3985,12/01/17,1.27
3986,12/04/17,1.30
3987,12/05/17,1.30
3988,12/06/17,1.30
3989,12/07/17,1.29
3990,12/08/17,1.28
3991,12/11/17,1.33
3992,12/12/17,1.34
3993,12/13/17,1.30
3994,12/14/17,1.32
3995,12/15/17,1.31
3996,12/18/17,1.38
3997,12/19/17,1.37
3998,12/20/17,1.38
3999,12/21/17,1.35
4000,12/22/17,1.33
4001,12/26/17,1.48
4002,12/27/17,1.44
4003,12/28/17,1.39
4004,12/29/17,1.39
4005,01/02/18,1.44
4006,01/03/18,1.41
4007,01/04/18,1.41
4008,01/05/18,1.39
4009,01/08/18,1.46
4010,01/09/18,1.44
4011,01/10/18,1.42
4012,01/11/18,1.43
4013,01/12/18,1.43
4014,01/16/18,1.46
4015,01/17/18,1.44
4016,01/18/18,1.46
4017,01/19/18,1.44
4018,01/22/18,1.46
4019,01/23/18,1.44
4020,01/24/18,1.43
4021,01/25/18,1.42
4022,01/26/18,1.41
4023,01/29/18,1.46
4024,01/30/18,1.44
4025,01/31/18,1.47
4026,02/01/18,1.49
4027,02/02/18,1.49
4028,02/05/18,1.52
4029,02/06/18,1.53
4030,02/07/18,1.56
4031,02/08/18,1.56
4032,02/09/18,1.56
4033,02/12/18,1.64
4034,02/13/18,1.60
4035,02/14/18,1.59
4036,02/15/18,1.59
4037,02/16/18,1.62
4038,02/20/18,1.67
4039,02/21/18,1.65
4040,02/22/18,1.64
4041,02/23/18,1.64
4042,02/26/18,1.68
4043,02/27/18,1.67
4044,02/28/18,1.66
4045,03/01/18,1.63
4046,03/02/18,1.65
4047,03/05/18,1.70
4048,03/06/18,1.68
4049,03/07/18,1.68
4050,03/08/18,1.67
4051,03/09/18,1.67
4052,03/12/18,1.71
4053,03/13/18,1.73
4054,03/14/18,1.76
4055,03/15/18,1.77
4056,03/16/18,1.78
4057,03/19/18,1.80
4058,03/20/18,1.81
4059,03/21/18,1.74
4060,03/22/18,1.72
4061,03/23/18,1.74
4062,03/26/18,1.79
4063,03/27/18,1.77
4064,03/28/18,1.73
4065,03/29/18,1.73
4066,04/02/18,1.77
4067,04/03/18,1.75
4068,04/04/18,1.71
4069,04/05/18,1.72
4070,04/06/18,1.73
4071,04/09/18,1.76
4072,04/10/18,1.74
4073,04/11/18,1.73
4074,04/12/18,1.75
4075,04/13/18,1.76
4076,04/16/18,1.79
4077,04/17/18,1.80
4078,04/18/18,1.81
4079,04/19/18,1.82
4080,04/20/18,1.81
4081,04/23/18,1.87
4082,04/24/18,1.87
4083,04/25/18,1.85
4084,04/26/18,1.82
4085,04/27/18,1.81
4086,04/30/18,1.87
4087,05/01/18,1.85
4088,05/02/18,1.84
4089,05/03/18,1.83
4090,05/04/18,1.83
4091,05/07/18,1.86
4092,05/08/18,1.87
4093,05/09/18,1.88
4094,05/10/18,1.89
4095,05/11/18,1.91
4096,05/14/18,1.94
4097,05/15/18,1.93
4098,05/16/18,1.92
4099,05/17/18,1.92
4100,05/18/18,1.90
4101,05/21/18,1.94
4102,05/22/18,1.94
4103,05/23/18,1.92
4104,05/24/18,1.90
4105,05/25/18,1.89
4106,05/29/18,1.94
4107,05/30/18,1.94
4108,05/31/18,1.93
4109,06/01/18,1.91
4110,06/04/18,1.95
4111,06/05/18,1.95
4112,06/06/18,1.95
4113,06/07/18,1.94
4114,06/08/18,1.93
4115,06/11/18,1.95
4116,06/12/18,1.93
4117,06/13/18,1.94
4118,06/14/18,1.94
4119,06/15/18,1.94
4120,06/18/18,1.95
4121,06/19/18,1.95
4122,06/20/18,1.94
4123,06/21/18,1.94
4124,06/22/18,1.93
4125,06/25/18,1.94
4126,06/26/18,1.94
4127,06/27/18,1.93
4128,06/28/18,1.93
4129,06/29/18,1.93
4130,07/02/18,1.99
4131,07/03/18,1.98
4132,07/05/18,1.96
4133,07/06/18,1.97
4134,07/09/18,1.99
4135,07/10/18,1.99
4136,07/11/18,1.97
4137,07/12/18,1.98
4138,07/13/18,1.98
4139,07/16/18,2.02
4140,07/17/18,2.02
4141,07/18/18,2.00
4142,07/19/18,2.00
4143,07/20/18,1.99
4144,07/23/18,2.00
4145,07/24/18,2.02
4146,07/25/18,2.01
4147,07/26/18,1.99
4148,07/27/18,2.00
4149,07/30/18,2.05
4150,07/31/18,2.03
4151,08/01/18,2.03
4152,08/02/18,2.02
4153,08/03/18,2.01
4154,08/06/18,2.06
4155,08/07/18,2.06
4156,08/08/18,2.06
4157,08/09/18,2.06
4158,08/10/18,2.05
4159,08/13/18,2.07
4160,08/14/18,2.08
4161,08/15/18,2.07
4162,08/16/18,2.07
4163,08/17/18,2.05
4164,08/20/18,2.07
4165,08/21/18,2.08
4166,08/22/18,2.09
4167,08/23/18,2.08
4168,08/24/18,2.09
4169,08/27/18,2.12
4170,08/28/18,2.13
4171,08/29/18,2.13
4172,08/30/18,2.11
4173,08/31/18,2.11
4174,09/04/18,2.13
4175,09/05/18,2.14
4176,09/06/18,2.13
4177,09/07/18,2.14
4178,09/10/18,2.15
4179,09/11/18,2.15
4180,09/12/18,2.16
4181,09/13/18,2.15
4182,09/14/18,2.16
4183,09/17/18,2.17
4184,09/18/18,2.17
4185,09/19/18,2.16
4186,09/20/18,2.17
4187,09/21/18,2.18
4188,09/24/18,2.22
4189,09/25/18,2.21
4190,09/26/18,2.20
4191,09/27/18,2.18
4192,09/28/18,2.19
4193,10/01/18,2.23
4194,10/02/18,2.23
4195,10/03/18,2.23
4196,10/04/18,2.22
4197,10/05/18,2.22
4198,10/09/18,2.25
4199,10/10/18,2.27
4200,10/11/18,2.26
4201,10/12/18,2.27
4202,10/15/18,2.31
4203,10/16/18,2.30
4204,10/17/18,2.31
4205,10/18/18,2.31
4206,10/19/18,2.30
4207,10/22/18,2.35
4208,10/23/18,2.34
4209,10/24/18,2.34
4210,10/25/18,2.34
4211,10/26/18,2.32
4212,10/29/18,2.35
4213,10/30/18,2.34
4214,10/31/18,2.34
4215,11/01/18,2.31
4216,11/02/18,2.32
4217,11/05/18,2.37
4218,11/06/18,2.36
4219,11/07/18,2.37
4220,11/08/18,2.35
4221,11/09/18,2.36
4222,11/13/18,2.39
4223,11/14/18,2.38
4224,11/15/18,2.37
4225,11/16/18,2.36
4226,11/19/18,2.39
4227,11/20/18,2.39
4228,11/21/18,2.41
4229,11/23/18,2.41
4230,11/26/18,2.42
4231,11/27/18,2.41
4232,11/28/18,2.40
4233,11/29/18,2.37
4234,11/30/18,2.37
4235,12/03/18,2.39
4236,12/04/18,2.43
4237,12/06/18,2.41
4238,12/07/18,2.40
4239,12/10/18,2.42
4240,12/11/18,2.42
4241,12/12/18,2.44
4242,12/13/18,2.43
4243,12/14/18,2.42
4244,12/17/18,2.41
4245,12/18/18,2.39
4246,12/19/18,2.40
4247,12/20/18,2.39
4248,12/21/18,2.39
4249,12/24/18,2.46
4250,12/26/18,2.44
4251,12/27/18,2.41
4252,12/28/18,2.40
4253,12/31/18,2.45
4254,01/02/19,2.42
4255,01/03/19,2.41
4256,01/04/19,2.42
4257,01/07/19,2.46
4258,01/08/19,2.46
4259,01/09/19,2.45
4260,01/10/19,2.43
4261,01/11/19,2.43
4262,01/14/19,2.45
4263,01/15/19,2.45
4264,01/16/19,2.43
4265,01/17/19,2.42
4266,01/18/19,2.41
4267,01/22/19,2.43
4268,01/23/19,2.41
4269,01/24/19,2.37
4270,01/25/19,2.39
4271,01/28/19,2.42
4272,01/29/19,2.42
4273,01/30/19,2.42
4274,01/31/19,2.41
4275,02/01/19,2.40
4276,02/04/19,2.42
4277,02/05/19,2.42
4278,02/06/19,2.42
4279,02/07/19,2.42
4280,02/08/19,2.43
4281,02/11/19,2.45
4282,02/12/19,2.43
4283,02/13/19,2.44
4284,02/14/19,2.43
4285,02/15/19,2.43
4286,02/19/19,2.46
4287,02/20/19,2.45
4288,02/21/19,2.45
4289,02/22/19,2.46
4290,02/25/19,2.47
4291,02/26/19,2.45
4292,02/27/19,2.45
4293,02/28/19,2.45
4294,03/01/19,2.44
4295,03/04/19,2.47
4296,03/05/19,2.47
4297,03/06/19,2.47
4298,03/07/19,2.45
4299,03/08/19,2.46
4300,03/11/19,2.47
4301,03/12/19,2.47
4302,03/13/19,2.45
4303,03/14/19,2.45
4304,03/15/19,2.45
4305,03/18/19,2.44
4306,03/19/19,2.47
4307,03/20/19,2.48
4308,03/21/19,2.49
4309,03/22/19,2.46
4310,03/25/19,2.47
4311,03/26/19,2.47
4312,03/27/19,2.44
4313,03/28/19,2.43
4314,03/29/19,2.40
4315,04/01/19,2.43
4316,04/02/19,2.42
4317,04/03/19,2.44
4318,04/04/19,2.44
4319,04/05/19,2.44
4320,04/08/19,2.43
4321,04/09/19,2.42
4322,04/10/19,2.43
4323,04/11/19,2.43
4324,04/12/19,2.44
4325,04/15/19,2.43
4326,04/16/19,2.43
4327,04/17/19,2.44
4328,04/18/19,2.42
4329,04/22/19,2.44
4330,04/23/19,2.45
4331,04/24/19,2.44
4332,04/25/19,2.43
4333,04/26/19,2.42
4334,04/29/19,2.44
4335,04/30/19,2.43
4336,05/01/19,2.43
4337,05/02/19,2.47
4338,05/03/19,2.43
4339,05/06/19,2.44
4340,05/07/19,2.43
4341,05/08/19,2.43
4342,05/09/19,2.43
4343,05/10/19,2.43
4344,05/13/19,2.41
4345,05/14/19,2.41
4346,05/15/19,2.42
4347,05/16/19,2.40
4348,05/17/19,2.39
4349,05/20/19,2.39
4350,05/21/19,2.39
4351,05/22/19,2.38
4352,05/23/19,2.37
4353,05/24/19,2.35
4354,05/28/19,2.37
4355,05/29/19,2.37
4356,05/30/19,2.38
4357,05/31/19,2.35
4358,06/03/19,2.35
4359,06/04/19,2.35
4360,06/05/19,2.35
4361,06/06/19,2.33
4362,06/07/19,2.28
4363,06/10/19,2.29
4364,06/11/19,2.27
4365,06/12/19,2.24
4366,06/13/19,2.19
4367,06/14/19,2.20
4368,06/17/19,2.23
4369,06/18/19,2.22
4370,06/19/19,2.18
4371,06/20/19,2.14
4372,06/21/19,2.12
4373,06/24/19,2.13
4374,06/25/19,2.12
4375,06/26/19,2.15
4376,06/27/19,2.14
4377,06/28/19,2.13
4378,07/01/19,2.21
4379,07/02/19,2.20
4380,07/03/19,2.21
4381,07/05/19,2.23
4382,07/08/19,2.26
4383,07/09/19,2.26
4384,07/10/19,2.20
4385,07/11/19,2.17
4386,07/12/19,2.15
4387,07/15/19,2.16
4388,07/16/19,2.15
4389,07/17/19,2.14
4390,07/18/19,2.05
4391,07/19/19,2.06
4392,07/22/19,2.08
4393,07/23/19,2.06
4394,07/24/19,2.10
4395,07/25/19,2.11
4396,07/26/19,2.13
4397,07/29/19,2.12
4398,07/30/19,2.08
4399,07/31/19,2.08
4400,08/01/19,2.07
4401,08/02/19,2.06
4402,08/05/19,2.04
4403,08/06/19,2.05
4404,08/07/19,2.02
4405,08/08/19,2.02
4406,08/09/19,2.00
4407,08/12/19,2.00
4408,08/13/19,2.00
4409,08/14/19,1.96
4410,08/15/19,1.91
4411,08/16/19,1.87
4412,08/19/19,1.94
4413,08/20/19,1.94
4414,08/21/19,1.97
4415,08/22/19,2.00
4416,08/23/19,1.97
4417,08/26/19,2.00
4418,08/27/19,1.98
4419,08/28/19,1.99
4420,08/29/19,1.99
4421,08/30/19,1.99
4422,09/03/19,1.98
4423,09/04/19,1.97
4424,09/05/19,1.97
4425,09/06/19,1.96
4426,09/09/19,1.96
4427,09/10/19,1.95
4428,09/11/19,1.96
4429,09/12/19,1.95
4430,09/13/19,1.96
4431,09/16/19,1.99
4432,09/17/19,1.99
4433,09/18/19,1.95
4434,09/19/19,1.93
4435,09/20/19,1.91
4436,09/23/19,1.94
4437,09/24/19,1.92
4438,09/25/19,1.89
4439,09/26/19,1.83
4440,09/27/19,1.80
4441,09/30/19,1.88
4442,10/01/19,1.82
4443,10/02/19,1.79
4444,10/03/19,1.70
4445,10/04/19,1.71
4446,10/07/19,1.75
4447,10/08/19,1.72
4448,10/09/19,1.69
4449,10/10/19,1.68
4450,10/11/19,1.68
4451,10/15/19,1.67
4452,10/16/19,1.66
4453,10/17/19,1.66
4454,10/18/19,1.66
4455,10/21/19,1.67
4456,10/22/19,1.65
4457,10/23/19,1.65
4458,10/24/19,1.67
4459,10/25/19,1.66
4460,10/28/19,1.65
4461,10/29/19,1.63
4462,10/30/19,1.62
4463,10/31/19,1.54
4464,11/01/19,1.52
4465,11/04/19,1.53
4466,11/05/19,1.56
4467,11/06/19,1.56
4468,11/07/19,1.56
4469,11/08/19,1.55
4470,11/12/19,1.59
4471,11/13/19,1.57
4472,11/14/19,1.57
4473,11/15/19,1.57
4474,11/18/19,1.57
4475,11/19/19,1.57
4476,11/20/19,1.57
4477,11/21/19,1.58
4478,11/22/19,1.58
4479,11/25/19,1.61
4480,11/26/19,1.60
4481,11/27/19,1.62
4482,11/29/19,1.59
4483,12/02/19,1.60
4484,12/03/19,1.57
4485,12/04/19,1.55
4486,12/05/19,1.54
4487,12/06/19,1.53
4488,12/09/19,1.54
4489,12/10/19,1.56
4490,12/11/19,1.57
4491,12/12/19,1.56
4492,12/13/19,1.57
4493,12/16/19,1.57
4494,12/17/19,1.56
4495,12/18/19,1.56
4496,12/19/19,1.57
4497,12/20/19,1.58
4498,12/23/19,1.59
4499,12/24/19,1.58
4500,12/26/19,1.58
4501,12/27/19,1.57
4502,12/30/19,1.57
4503,12/31/19,1.55
4504,01/02/20,1.54
4505,01/03/20,1.52
4506,01/06/20,1.56
4507,01/07/20,1.54
4508,01/08/20,1.54
4509,01/09/20,1.54
4510,01/10/20,1.54
4511,01/13/20,1.57
4512,01/14/20,1.57
4513,01/15/20,1.57
4514,01/16/20,1.55
4515,01/17/20,1.56
4516,01/21/20,1.56
4517,01/22/20,1.55
4518,01/23/20,1.55
4519,01/24/20,1.54
4520,01/27/20,1.55
4521,01/28/20,1.57
4522,01/29/20,1.56
4523,01/30/20,1.57
4524,01/31/20,1.55
4525,02/03/20,1.57
4526,02/04/20,1.57
4527,02/05/20,1.57
4528,02/06/20,1.57
4529,02/07/20,1.56
4530,02/10/20,1.58
4531,02/11/20,1.57
4532,02/12/20,1.58
4533,02/13/20,1.59
4534,02/14/20,1.58
4535,02/18/20,1.58
4536,02/19/20,1.58
4537,02/20/20,1.58
4538,02/21/20,1.56
4539,02/24/20,1.53
4540,02/25/20,1.53
4541,02/26/20,1.53
4542,02/27/20,1.45
4543,02/28/20,1.27
4544,03/02/20,1.12
4545,03/03/20,0.95
4546,03/04/20,0.72
4547,03/05/20,0.62
4548,03/06/20,0.46
4549,03/09/20,0.32
4550,03/10/20,0.44
4551,03/11/20,0.42
4552,03/12/20,0.33
4553,03/13/20,0.27
4554,03/16/20,0.24
4555,03/17/20,0.19
4556,03/18/20,0.02
4557,03/19/20,0.04
4558,03/20/20,0.05
4559,03/23/20,0.02
4560,03/24/20,0.01
4561,03/25/20,-0.04
4562,03/26/20,-0.05
4563,03/27/20,0.03
4564,03/30/20,0.12
4565,03/31/20,0.11
4566,04/01/20,0.09
4567,04/02/20,0.09
4568,04/03/20,0.10
4569,04/06/20,0.15
4570,04/07/20,0.14
4571,04/08/20,0.22
4572,04/09/20,0.25
4573,04/13/20,0.26
4574,04/14/20,0.20
4575,04/15/20,0.14
4576,04/16/20,0.14
4577,04/17/20,0.12
4578,04/20/20,0.12
4579,04/21/20,0.11
4580,04/22/20,0.12
4581,04/23/20,0.11
4582,04/24/20,0.12
4583,04/27/20,0.12
4584,04/28/20,0.11
4585,04/29/20,0.10
4586,04/30/20,0.09
4587,05/01/20,0.12
4588,05/04/20,0.13
4589,05/05/20,0.13
4590,05/06/20,0.12
4591,05/07/20,0.11
4592,05/08/20,0.12
4593,05/11/20,0.12
4594,05/12/20,0.13
4595,05/13/20,0.13
4596,05/14/20,0.12
4597,05/15/20,0.12
4598,05/18/20,0.13
4599,05/19/20,0.13
4600,05/20/20,0.12
4601,05/21/20,0.12
4602,05/22/20,0.12
4603,05/26/20,0.14
4604,05/27/20,0.15
4605,05/28/20,0.15
4606,05/29/20,0.14
4607,06/01/20,0.14
4608,06/02/20,0.15
4609,06/03/20,0.16
4610,06/04/20,0.15
4611,06/05/20,0.15
4612,06/08/20,0.17
4613,06/09/20,0.19
4614,06/10/20,0.17
4615,06/11/20,0.17
4616,06/12/20,0.16
4617,06/15/20,0.18
4618,06/16/20,0.17
4619,06/17/20,0.17
4620,06/18/20,0.16
4621,06/19/20,0.15
4622,06/22/20,0.16
4623,06/23/20,0.16
4624,06/24/20,0.15
4625,06/25/20,0.16
4626,06/26/20,0.14
4627,06/29/20,0.14
4628,06/30/20,0.16
4629,07/01/20,0.14
4630,07/02/20,0.14
4631,07/06/20,0.15
4632,07/07/20,0.15
4633,07/08/20,0.15
4634,07/09/20,0.13
4635,07/10/20,0.13
4636,07/13/20,0.14
4637,07/14/20,0.15
4638,07/15/20,0.16
4639,07/16/20,0.11
4640,07/17/20,0.11
4641,07/20/20,0.13
4642,07/21/20,0.13
4643,07/22/20,0.13
4644,07/23/20,0.12
4645,07/24/20,0.11
4646,07/27/20,0.11
4647,07/28/20,0.11
4648,07/29/20,0.11
4649,07/30/20,0.09
4650,07/31/20,0.09
4651,08/03/20,0.10
4652,08/04/20,0.09
4653,08/05/20,0.10
4654,08/06/20,0.10
4655,08/07/20,0.10
4656,08/10/20,0.11
4657,08/11/20,0.11
4658,08/12/20,0.11
4659,08/13/20,0.10
4660,08/14/20,0.10
4661,08/17/20,0.10
4662,08/18/20,0.09
4663,08/19/20,0.11
4664,08/20/20,0.11
4665,08/21/20,0.10
4666,08/24/20,0.12
4667,08/25/20,0.11
4668,08/26/20,0.11
4669,08/27/20,0.11
4670,08/28/20,0.10
4671,08/31/20,0.11
4672,09/01/20,0.12
4673,09/02/20,0.12
4674,09/03/20,0.11
4675,09/04/20,0.11
4676,09/08/20,0.13
4677,09/09/20,0.12
